AchariaStimulea/1.jpg,1
AchariaStimulea/10.jpg,1
AchariaStimulea/11.jpg,1
AchariaStimulea/12.jpg,1
AchariaStimulea/13.jpg,1
AchariaStimulea/14.jpg,1
AchariaStimulea/15.jpg,1
AchariaStimulea/16.jpg,1
AchariaStimulea/17.jpg,1
AchariaStimulea/18.jpg,1
AchariaStimulea/19.jpg,1
AchariaStimulea/2.jpg,1
AchariaStimulea/20.jpg,1
AchariaStimulea/21.jpg,1
AchariaStimulea/22.jpg,1
AchariaStimulea/23.jpg,1
AchariaStimulea/24.jpg,1
AchariaStimulea/3.jpg,1
AchariaStimulea/4.jpg,1
AchariaStimulea/5.jpg,1
AchariaStimulea/6.jpg,1
AchariaStimulea/7.jpg,1
AchariaStimulea/8.jpg,1
AchariaStimulea/9.jpg,1
AcronictaAmericana/1.jpg,2
AcronictaAmericana/10.jpg,2
AcronictaAmericana/11.jpg,2
AcronictaAmericana/12.jpg,2
AcronictaAmericana/13.jpg,2
AcronictaAmericana/14.jpg,2
AcronictaAmericana/15.jpg,2
AcronictaAmericana/16.jpg,2
AcronictaAmericana/17.jpg,2
AcronictaAmericana/18.jpg,2
AcronictaAmericana/19.jpg,2
AcronictaAmericana/2.jpg,2
AcronictaAmericana/20.jpg,2
AcronictaAmericana/21.jpg,2
AcronictaAmericana/22.jpg,2
AcronictaAmericana/23.jpg,2
AcronictaAmericana/24.jpg,2
AcronictaAmericana/3.jpg,2
AcronictaAmericana/4.jpg,2
AcronictaAmericana/5.jpg,2
AcronictaAmericana/6.jpg,2
AcronictaAmericana/7.jpg,2
AcronictaAmericana/8.jpg,2
AcronictaAmericana/9.jpg,2
ActiasDubernardiOberthur/1.jpg,3
ActiasDubernardiOberthur/10.jpg,3
ActiasDubernardiOberthur/11.jpg,3
ActiasDubernardiOberthur/12.jpg,3
ActiasDubernardiOberthur/13.jpg,3
ActiasDubernardiOberthur/14.jpg,3
ActiasDubernardiOberthur/15.jpg,3
ActiasDubernardiOberthur/16.jpg,3
ActiasDubernardiOberthur/17.jpg,3
ActiasDubernardiOberthur/18.jpg,3
ActiasDubernardiOberthur/19.jpg,3
ActiasDubernardiOberthur/2.jpg,3
ActiasDubernardiOberthur/20.jpg,3
ActiasDubernardiOberthur/21.jpg,3
ActiasDubernardiOberthur/22.jpg,3
ActiasDubernardiOberthur/23.jpg,3
ActiasDubernardiOberthur/24.jpg,3
ActiasDubernardiOberthur/25.jpg,3
ActiasDubernardiOberthur/26.jpg,3
ActiasDubernardiOberthur/27.jpg,3
ActiasDubernardiOberthur/28.jpg,3
ActiasDubernardiOberthur/29.jpg,3
ActiasDubernardiOberthur/3.jpg,3
ActiasDubernardiOberthur/30.jpg,3
ActiasDubernardiOberthur/4.jpg,3
ActiasDubernardiOberthur/5.jpg,3
ActiasDubernardiOberthur/6.jpg,3
ActiasDubernardiOberthur/7.jpg,3
ActiasDubernardiOberthur/8.jpg,3
ActiasDubernardiOberthur/9.jpg,3
ActiasSeleneNingpoanaFelder/1.jpg,4
ActiasSeleneNingpoanaFelder/10.jpg,4
ActiasSeleneNingpoanaFelder/11.jpg,4
ActiasSeleneNingpoanaFelder/12.jpg,4
ActiasSeleneNingpoanaFelder/13.jpg,4
ActiasSeleneNingpoanaFelder/14.jpg,4
ActiasSeleneNingpoanaFelder/15.jpg,4
ActiasSeleneNingpoanaFelder/16.jpg,4
ActiasSeleneNingpoanaFelder/17.jpg,4
ActiasSeleneNingpoanaFelder/18.jpg,4
ActiasSeleneNingpoanaFelder/19.jpg,4
ActiasSeleneNingpoanaFelder/2.jpg,4
ActiasSeleneNingpoanaFelder/20.jpg,4
ActiasSeleneNingpoanaFelder/21.jpg,4
ActiasSeleneNingpoanaFelder/22.jpg,4
ActiasSeleneNingpoanaFelder/23.jpg,4
ActiasSeleneNingpoanaFelder/24.jpg,4
ActiasSeleneNingpoanaFelder/25.jpg,4
ActiasSeleneNingpoanaFelder/26.jpg,4
ActiasSeleneNingpoanaFelder/27.jpg,4
ActiasSeleneNingpoanaFelder/28.jpg,4
ActiasSeleneNingpoanaFelder/29.jpg,4
ActiasSeleneNingpoanaFelder/3.jpg,4
ActiasSeleneNingpoanaFelder/30.jpg,4
ActiasSeleneNingpoanaFelder/31.jpg,4
ActiasSeleneNingpoanaFelder/4.jpg,4
ActiasSeleneNingpoanaFelder/5.jpg,4
ActiasSeleneNingpoanaFelder/6.jpg,4
ActiasSeleneNingpoanaFelder/7.jpg,4
ActiasSeleneNingpoanaFelder/8.jpg,4
ActiasSeleneNingpoanaFelder/9.jpg,4
AgriusConvolvuli/1.jpg,5
AgriusConvolvuli/10.jpg,5
AgriusConvolvuli/11.jpg,5
AgriusConvolvuli/2.jpg,5
AgriusConvolvuli/3.jpg,5
AgriusConvolvuli/4.jpg,5
AgriusConvolvuli/5.jpg,5
AgriusConvolvuli/6.jpg,5
AgriusConvolvuli/7.jpg,5
AgriusConvolvuli/8.jpg,5
AgriusConvolvuli/9.jpg,5
AlticaFoliaceae/1.jpg,6
AlticaFoliaceae/10.jpg,6
AlticaFoliaceae/11.jpg,6
AlticaFoliaceae/12.jpg,6
AlticaFoliaceae/13.jpg,6
AlticaFoliaceae/14.jpg,6
AlticaFoliaceae/15.jpg,6
AlticaFoliaceae/16.jpg,6
AlticaFoliaceae/17.jpg,6
AlticaFoliaceae/18.jpg,6
AlticaFoliaceae/19.jpg,6
AlticaFoliaceae/2.jpg,6
AlticaFoliaceae/20.jpg,6
AlticaFoliaceae/21.jpg,6
AlticaFoliaceae/22.jpg,6
AlticaFoliaceae/23.jpg,6
AlticaFoliaceae/24.jpg,6
AlticaFoliaceae/25.jpg,6
AlticaFoliaceae/3.jpg,6
AlticaFoliaceae/4.jpg,6
AlticaFoliaceae/5.jpg,6
AlticaFoliaceae/6.jpg,6
AlticaFoliaceae/7.jpg,6
AlticaFoliaceae/8.jpg,6
AlticaFoliaceae/9.jpg,6
AmsactaLactinea/1.jpg,7
AmsactaLactinea/10.jpg,7
AmsactaLactinea/11.jpg,7
AmsactaLactinea/12.jpg,7
AmsactaLactinea/13.jpg,7
AmsactaLactinea/14.jpg,7
AmsactaLactinea/15.jpg,7
AmsactaLactinea/16.jpg,7
AmsactaLactinea/17.jpg,7
AmsactaLactinea/18.jpg,7
AmsactaLactinea/19.jpg,7
AmsactaLactinea/2.jpg,7
AmsactaLactinea/20.jpg,7
AmsactaLactinea/21.jpg,7
AmsactaLactinea/22.jpg,7
AmsactaLactinea/23.jpg,7
AmsactaLactinea/24.jpg,7
AmsactaLactinea/25.jpg,7
AmsactaLactinea/26.jpg,7
AmsactaLactinea/27.jpg,7
AmsactaLactinea/28.jpg,7
AmsactaLactinea/29.jpg,7
AmsactaLactinea/3.jpg,7
AmsactaLactinea/4.jpg,7
AmsactaLactinea/5.jpg,7
AmsactaLactinea/6.jpg,7
AmsactaLactinea/7.jpg,7
AmsactaLactinea/8.jpg,7
AmsactaLactinea/9.jpg,7
AnoplophoraChinensisForster/1.jpg,8
AnoplophoraChinensisForster/10.jpg,8
AnoplophoraChinensisForster/11.jpg,8
AnoplophoraChinensisForster/12.jpg,8
AnoplophoraChinensisForster/13.jpg,8
AnoplophoraChinensisForster/14.jpg,8
AnoplophoraChinensisForster/15.jpg,8
AnoplophoraChinensisForster/16.jpg,8
AnoplophoraChinensisForster/17.jpg,8
AnoplophoraChinensisForster/18.jpg,8
AnoplophoraChinensisForster/19.jpg,8
AnoplophoraChinensisForster/2.jpg,8
AnoplophoraChinensisForster/20.jpg,8
AnoplophoraChinensisForster/21.jpg,8
AnoplophoraChinensisForster/22.jpg,8
AnoplophoraChinensisForster/23.jpg,8
AnoplophoraChinensisForster/24.jpg,8
AnoplophoraChinensisForster/3.jpg,8
AnoplophoraChinensisForster/4.jpg,8
AnoplophoraChinensisForster/5.jpg,8
AnoplophoraChinensisForster/6.jpg,8
AnoplophoraChinensisForster/7.jpg,8
AnoplophoraChinensisForster/8.jpg,8
AnoplophoraChinensisForster/9.jpg,8
AnoplophoraGlabripennisMotschulsky/1.jpg,9
AnoplophoraGlabripennisMotschulsky/10.jpg,9
AnoplophoraGlabripennisMotschulsky/11.jpg,9
AnoplophoraGlabripennisMotschulsky/12.jpg,9
AnoplophoraGlabripennisMotschulsky/13.jpg,9
AnoplophoraGlabripennisMotschulsky/14.jpg,9
AnoplophoraGlabripennisMotschulsky/2.jpg,9
AnoplophoraGlabripennisMotschulsky/3.jpg,9
AnoplophoraGlabripennisMotschulsky/4.jpg,9
AnoplophoraGlabripennisMotschulsky/5.jpg,9
AnoplophoraGlabripennisMotschulsky/6.jpg,9
AnoplophoraGlabripennisMotschulsky/7.jpg,9
AnoplophoraGlabripennisMotschulsky/8.jpg,9
AnoplophoraGlabripennisMotschulsky/9.jpg,9
AphthonaNigriscutis/1.jpg,10
AphthonaNigriscutis/10.jpg,10
AphthonaNigriscutis/11.jpg,10
AphthonaNigriscutis/12.jpg,10
AphthonaNigriscutis/13.jpg,10
AphthonaNigriscutis/14.jpg,10
AphthonaNigriscutis/15.jpg,10
AphthonaNigriscutis/16.jpg,10
AphthonaNigriscutis/17.jpg,10
AphthonaNigriscutis/18.jpg,10
AphthonaNigriscutis/19.jpg,10
AphthonaNigriscutis/2.jpg,10
AphthonaNigriscutis/20.jpg,10
AphthonaNigriscutis/21.jpg,10
AphthonaNigriscutis/3.jpg,10
AphthonaNigriscutis/4.jpg,10
AphthonaNigriscutis/5.jpg,10
AphthonaNigriscutis/6.jpg,10
AphthonaNigriscutis/7.jpg,10
AphthonaNigriscutis/8.jpg,10
AphthonaNigriscutis/9.jpg,10
AprionaGermari/1.jpg,11
AprionaGermari/10.jpg,11
AprionaGermari/11.jpg,11
AprionaGermari/12.jpg,11
AprionaGermari/13.jpg,11
AprionaGermari/14.jpg,11
AprionaGermari/2.jpg,11
AprionaGermari/3.jpg,11
AprionaGermari/4.jpg,11
AprionaGermari/5.jpg,11
AprionaGermari/6.jpg,11
AprionaGermari/7.jpg,11
AprionaGermari/8.jpg,11
AprionaGermari/9.jpg,11
AprionaSwainsoni/1.jpg,12
AprionaSwainsoni/10.jpg,12
AprionaSwainsoni/2.jpg,12
AprionaSwainsoni/3.jpg,12
AprionaSwainsoni/4.jpg,12
AprionaSwainsoni/5.jpg,12
AprionaSwainsoni/6.jpg,12
AprionaSwainsoni/7.jpg,12
AprionaSwainsoni/8.jpg,12
AprionaSwainsoni/9.jpg,12
ArchipsXylosteana/1.jpg,13
ArchipsXylosteana/10.jpg,13
ArchipsXylosteana/11.jpg,13
ArchipsXylosteana/12.jpg,13
ArchipsXylosteana/13.jpg,13
ArchipsXylosteana/14.jpg,13
ArchipsXylosteana/15.jpg,13
ArchipsXylosteana/16.jpg,13
ArchipsXylosteana/2.jpg,13
ArchipsXylosteana/3.jpg,13
ArchipsXylosteana/4.jpg,13
ArchipsXylosteana/5.jpg,13
ArchipsXylosteana/6.jpg,13
ArchipsXylosteana/7.jpg,13
ArchipsXylosteana/8.jpg,13
ArchipsXylosteana/9.jpg,13
ArnpelophagaRubiginosaBremerEtGrey/1.jpg,14
ArnpelophagaRubiginosaBremerEtGrey/10.jpg,14
ArnpelophagaRubiginosaBremerEtGrey/11.jpg,14
ArnpelophagaRubiginosaBremerEtGrey/12.jpg,14
ArnpelophagaRubiginosaBremerEtGrey/2.jpg,14
ArnpelophagaRubiginosaBremerEtGrey/3.jpg,14
ArnpelophagaRubiginosaBremerEtGrey/4.jpg,14
ArnpelophagaRubiginosaBremerEtGrey/5.jpg,14
ArnpelophagaRubiginosaBremerEtGrey/6.jpg,14
ArnpelophagaRubiginosaBremerEtGrey/7.jpg,14
ArnpelophagaRubiginosaBremerEtGrey/8.jpg,14
ArnpelophagaRubiginosaBremerEtGrey/9.jpg,14
AromiaBungiiFald/1.jpg,15
AromiaBungiiFald/10.jpg,15
AromiaBungiiFald/11.jpg,15
AromiaBungiiFald/12.jpg,15
AromiaBungiiFald/13.jpg,15
AromiaBungiiFald/14.jpg,15
AromiaBungiiFald/15.jpg,15
AromiaBungiiFald/16.jpg,15
AromiaBungiiFald/17.jpg,15
AromiaBungiiFald/18.jpg,15
AromiaBungiiFald/19.jpg,15
AromiaBungiiFald/2.jpg,15
AromiaBungiiFald/20.jpg,15
AromiaBungiiFald/21.jpg,15
AromiaBungiiFald/3.jpg,15
AromiaBungiiFald/4.jpg,15
AromiaBungiiFald/5.jpg,15
AromiaBungiiFald/6.jpg,15
AromiaBungiiFald/7.jpg,15
AromiaBungiiFald/8.jpg,15
AromiaBungiiFald/9.jpg,15
AtaturaIlia/1.jpg,16
AtaturaIlia/10.jpg,16
AtaturaIlia/11.jpg,16
AtaturaIlia/12.jpg,16
AtaturaIlia/13.jpg,16
AtaturaIlia/14.jpg,16
AtaturaIlia/15.jpg,16
AtaturaIlia/16.jpg,16
AtaturaIlia/17.jpg,16
AtaturaIlia/18.jpg,16
AtaturaIlia/19.jpg,16
AtaturaIlia/2.jpg,16
AtaturaIlia/20.jpg,16
AtaturaIlia/21.jpg,16
AtaturaIlia/22.jpg,16
AtaturaIlia/23.jpg,16
AtaturaIlia/3.jpg,16
AtaturaIlia/4.jpg,16
AtaturaIlia/5.jpg,16
AtaturaIlia/6.jpg,16
AtaturaIlia/7.jpg,16
AtaturaIlia/8.jpg,16
AtaturaIlia/9.jpg,16
AttevaPunctella/1.jpg,17
AttevaPunctella/10.jpg,17
AttevaPunctella/11.jpg,17
AttevaPunctella/12.jpg,17
AttevaPunctella/13.jpg,17
AttevaPunctella/14.jpg,17
AttevaPunctella/15.jpg,17
AttevaPunctella/16.jpg,17
AttevaPunctella/17.jpg,17
AttevaPunctella/18.jpg,17
AttevaPunctella/19.jpg,17
AttevaPunctella/2.jpg,17
AttevaPunctella/20.jpg,17
AttevaPunctella/21.jpg,17
AttevaPunctella/22.jpg,17
AttevaPunctella/23.jpg,17
AttevaPunctella/24.jpg,17
AttevaPunctella/3.jpg,17
AttevaPunctella/4.jpg,17
AttevaPunctella/5.jpg,17
AttevaPunctella/6.jpg,17
AttevaPunctella/7.jpg,17
AttevaPunctella/8.jpg,17
AttevaPunctella/9.jpg,17
AutographaCalifornica/1.jpg,18
AutographaCalifornica/10.jpg,18
AutographaCalifornica/11.jpg,18
AutographaCalifornica/12.jpg,18
AutographaCalifornica/13.jpg,18
AutographaCalifornica/14.jpg,18
AutographaCalifornica/15.jpg,18
AutographaCalifornica/16.jpg,18
AutographaCalifornica/2.jpg,18
AutographaCalifornica/3.jpg,18
AutographaCalifornica/4.jpg,18
AutographaCalifornica/5.jpg,18
AutographaCalifornica/6.jpg,18
AutographaCalifornica/7.jpg,18
AutographaCalifornica/8.jpg,18
AutographaCalifornica/9.jpg,18
BatoceraHorsfieldiHope/1.jpg,19
BatoceraHorsfieldiHope/10.jpg,19
BatoceraHorsfieldiHope/11.jpg,19
BatoceraHorsfieldiHope/12.jpg,19
BatoceraHorsfieldiHope/13.jpg,19
BatoceraHorsfieldiHope/2.jpg,19
BatoceraHorsfieldiHope/3.jpg,19
BatoceraHorsfieldiHope/4.jpg,19
BatoceraHorsfieldiHope/5.jpg,19
BatoceraHorsfieldiHope/6.jpg,19
BatoceraHorsfieldiHope/7.jpg,19
BatoceraHorsfieldiHope/8.jpg,19
BatoceraHorsfieldiHope/9.jpg,19
ByasaAlcinousKlug/1.jpg,20
ByasaAlcinousKlug/10.jpg,20
ByasaAlcinousKlug/11.jpg,20
ByasaAlcinousKlug/12.jpg,20
ByasaAlcinousKlug/13.jpg,20
ByasaAlcinousKlug/14.jpg,20
ByasaAlcinousKlug/15.jpg,20
ByasaAlcinousKlug/16.jpg,20
ByasaAlcinousKlug/17.jpg,20
ByasaAlcinousKlug/18.jpg,20
ByasaAlcinousKlug/19.jpg,20
ByasaAlcinousKlug/2.jpg,20
ByasaAlcinousKlug/20.jpg,20
ByasaAlcinousKlug/21.jpg,20
ByasaAlcinousKlug/22.jpg,20
ByasaAlcinousKlug/23.jpg,20
ByasaAlcinousKlug/24.jpg,20
ByasaAlcinousKlug/25.jpg,20
ByasaAlcinousKlug/26.jpg,20
ByasaAlcinousKlug/27.jpg,20
ByasaAlcinousKlug/28.jpg,20
ByasaAlcinousKlug/29.jpg,20
ByasaAlcinousKlug/3.jpg,20
ByasaAlcinousKlug/30.jpg,20
ByasaAlcinousKlug/31.jpg,20
ByasaAlcinousKlug/32.jpg,20
ByasaAlcinousKlug/33.jpg,20
ByasaAlcinousKlug/34.jpg,20
ByasaAlcinousKlug/35.jpg,20
ByasaAlcinousKlug/36.jpg,20
ByasaAlcinousKlug/4.jpg,20
ByasaAlcinousKlug/5.jpg,20
ByasaAlcinousKlug/6.jpg,20
ByasaAlcinousKlug/7.jpg,20
ByasaAlcinousKlug/8.jpg,20
ByasaAlcinousKlug/9.jpg,20
CaliroaCerasi/1.jpg,21
CaliroaCerasi/10.jpg,21
CaliroaCerasi/11.jpg,21
CaliroaCerasi/12.jpg,21
CaliroaCerasi/13.jpg,21
CaliroaCerasi/2.jpg,21
CaliroaCerasi/3.jpg,21
CaliroaCerasi/4.jpg,21
CaliroaCerasi/5.jpg,21
CaliroaCerasi/6.jpg,21
CaliroaCerasi/7.jpg,21
CaliroaCerasi/8.jpg,21
CaliroaCerasi/9.jpg,21
CalospilosSuspectaWarren/1.jpg,22
CalospilosSuspectaWarren/10.jpg,22
CalospilosSuspectaWarren/2.jpg,22
CalospilosSuspectaWarren/3.jpg,22
CalospilosSuspectaWarren/4.jpg,22
CalospilosSuspectaWarren/5.jpg,22
CalospilosSuspectaWarren/6.jpg,22
CalospilosSuspectaWarren/7.jpg,22
CalospilosSuspectaWarren/8.jpg,22
CalospilosSuspectaWarren/9.jpg,22
CamptolomaInteriorata/1.jpg,23
CamptolomaInteriorata/10.jpg,23
CamptolomaInteriorata/2.jpg,23
CamptolomaInteriorata/3.jpg,23
CamptolomaInteriorata/4.jpg,23
CamptolomaInteriorata/5.jpg,23
CamptolomaInteriorata/6.jpg,23
CamptolomaInteriorata/7.jpg,23
CamptolomaInteriorata/8.jpg,23
CamptolomaInteriorata/9.jpg,23
CarposinaNiponensisWalsingham/1.jpg,24
CarposinaNiponensisWalsingham/10.jpg,24
CarposinaNiponensisWalsingham/11.jpg,24
CarposinaNiponensisWalsingham/12.jpg,24
CarposinaNiponensisWalsingham/13.jpg,24
CarposinaNiponensisWalsingham/14.jpg,24
CarposinaNiponensisWalsingham/15.jpg,24
CarposinaNiponensisWalsingham/16.jpg,24
CarposinaNiponensisWalsingham/17.jpg,24
CarposinaNiponensisWalsingham/18.jpg,24
CarposinaNiponensisWalsingham/19.jpg,24
CarposinaNiponensisWalsingham/2.jpg,24
CarposinaNiponensisWalsingham/20.jpg,24
CarposinaNiponensisWalsingham/21.jpg,24
CarposinaNiponensisWalsingham/22.jpg,24
CarposinaNiponensisWalsingham/23.jpg,24
CarposinaNiponensisWalsingham/3.jpg,24
CarposinaNiponensisWalsingham/4.jpg,24
CarposinaNiponensisWalsingham/5.jpg,24
CarposinaNiponensisWalsingham/6.jpg,24
CarposinaNiponensisWalsingham/7.jpg,24
CarposinaNiponensisWalsingham/8.jpg,24
CarposinaNiponensisWalsingham/9.jpg,24
CatharsiusMolossusLinnaeus/1.jpg,25
CatharsiusMolossusLinnaeus/10.jpg,25
CatharsiusMolossusLinnaeus/11.jpg,25
CatharsiusMolossusLinnaeus/12.jpg,25
CatharsiusMolossusLinnaeus/13.jpg,25
CatharsiusMolossusLinnaeus/14.jpg,25
CatharsiusMolossusLinnaeus/15.jpg,25
CatharsiusMolossusLinnaeus/16.jpg,25
CatharsiusMolossusLinnaeus/17.jpg,25
CatharsiusMolossusLinnaeus/18.jpg,25
CatharsiusMolossusLinnaeus/19.jpg,25
CatharsiusMolossusLinnaeus/2.jpg,25
CatharsiusMolossusLinnaeus/20.jpg,25
CatharsiusMolossusLinnaeus/3.jpg,25
CatharsiusMolossusLinnaeus/4.jpg,25
CatharsiusMolossusLinnaeus/5.jpg,25
CatharsiusMolossusLinnaeus/6.jpg,25
CatharsiusMolossusLinnaeus/7.jpg,25
CatharsiusMolossusLinnaeus/8.jpg,25
CatharsiusMolossusLinnaeus/9.jpg,25
CeruraMencianaMoore/1.jpg,26
CeruraMencianaMoore/10.jpg,26
CeruraMencianaMoore/11.jpg,26
CeruraMencianaMoore/12.jpg,26
CeruraMencianaMoore/2.jpg,26
CeruraMencianaMoore/3.jpg,26
CeruraMencianaMoore/4.jpg,26
CeruraMencianaMoore/5.jpg,26
CeruraMencianaMoore/6.jpg,26
CeruraMencianaMoore/7.jpg,26
CeruraMencianaMoore/8.jpg,26
CeruraMencianaMoore/9.jpg,26
CeruraScitiscripta/1.jpg,27
CeruraScitiscripta/10.jpg,27
CeruraScitiscripta/11.jpg,27
CeruraScitiscripta/12.jpg,27
CeruraScitiscripta/13.jpg,27
CeruraScitiscripta/14.jpg,27
CeruraScitiscripta/15.jpg,27
CeruraScitiscripta/16.jpg,27
CeruraScitiscripta/17.jpg,27
CeruraScitiscripta/18.jpg,27
CeruraScitiscripta/19.jpg,27
CeruraScitiscripta/2.jpg,27
CeruraScitiscripta/3.jpg,27
CeruraScitiscripta/4.jpg,27
CeruraScitiscripta/5.jpg,27
CeruraScitiscripta/6.jpg,27
CeruraScitiscripta/7.jpg,27
CeruraScitiscripta/8.jpg,27
CeruraScitiscripta/9.jpg,27
ChalcophoraJaponica/1.jpg,28
ChalcophoraJaponica/2.jpg,28
ChalcophoraJaponica/3.jpg,28
ChalcophoraJaponica/4.jpg,28
ChalcophoraJaponica/5.jpg,28
ChalcophoraJaponica/6.jpg,28
ChalcophoraJaponica/7.jpg,28
ChalcophoraJaponica/8.jpg,28
ChalcophoraJaponica/9.jpg,28
ChelymorphaCassidea/1.jpg,29
ChelymorphaCassidea/10.jpg,29
ChelymorphaCassidea/11.jpg,29
ChelymorphaCassidea/12.jpg,29
ChelymorphaCassidea/13.jpg,29
ChelymorphaCassidea/14.jpg,29
ChelymorphaCassidea/15.jpg,29
ChelymorphaCassidea/16.jpg,29
ChelymorphaCassidea/17.jpg,29
ChelymorphaCassidea/18.jpg,29
ChelymorphaCassidea/19.jpg,29
ChelymorphaCassidea/2.jpg,29
ChelymorphaCassidea/20.jpg,29
ChelymorphaCassidea/3.jpg,29
ChelymorphaCassidea/4.jpg,29
ChelymorphaCassidea/5.jpg,29
ChelymorphaCassidea/6.jpg,29
ChelymorphaCassidea/7.jpg,29
ChelymorphaCassidea/8.jpg,29
ChelymorphaCassidea/9.jpg,29
ChlorophorusAnnularis/1.jpg,30
ChlorophorusAnnularis/10.jpg,30
ChlorophorusAnnularis/11.jpg,30
ChlorophorusAnnularis/12.jpg,30
ChlorophorusAnnularis/13.jpg,30
ChlorophorusAnnularis/14.jpg,30
ChlorophorusAnnularis/15.jpg,30
ChlorophorusAnnularis/16.jpg,30
ChlorophorusAnnularis/17.jpg,30
ChlorophorusAnnularis/18.jpg,30
ChlorophorusAnnularis/19.jpg,30
ChlorophorusAnnularis/2.jpg,30
ChlorophorusAnnularis/20.jpg,30
ChlorophorusAnnularis/3.jpg,30
ChlorophorusAnnularis/4.jpg,30
ChlorophorusAnnularis/5.jpg,30
ChlorophorusAnnularis/6.jpg,30
ChlorophorusAnnularis/7.jpg,30
ChlorophorusAnnularis/8.jpg,30
ChlorophorusAnnularis/9.jpg,30
CicadellaViridis/1.jpg,31
CicadellaViridis/10.jpg,31
CicadellaViridis/11.jpg,31
CicadellaViridis/12.jpg,31
CicadellaViridis/13.jpg,31
CicadellaViridis/14.jpg,31
CicadellaViridis/15.jpg,31
CicadellaViridis/16.jpg,31
CicadellaViridis/17.jpg,31
CicadellaViridis/18.jpg,31
CicadellaViridis/19.jpg,31
CicadellaViridis/2.jpg,31
CicadellaViridis/20.jpg,31
CicadellaViridis/3.jpg,31
CicadellaViridis/4.jpg,31
CicadellaViridis/5.jpg,31
CicadellaViridis/6.jpg,31
CicadellaViridis/7.jpg,31
CicadellaViridis/8.jpg,31
CicadellaViridis/9.jpg,31
ClanisBilineata/1.jpg,32
ClanisBilineata/10.jpg,32
ClanisBilineata/11.jpg,32
ClanisBilineata/12.jpg,32
ClanisBilineata/13.jpg,32
ClanisBilineata/14.jpg,32
ClanisBilineata/15.jpg,32
ClanisBilineata/16.jpg,32
ClanisBilineata/17.jpg,32
ClanisBilineata/18.jpg,32
ClanisBilineata/19.jpg,32
ClanisBilineata/2.jpg,32
ClanisBilineata/20.jpg,32
ClanisBilineata/21.jpg,32
ClanisBilineata/22.jpg,32
ClanisBilineata/23.jpg,32
ClanisBilineata/24.jpg,32
ClanisBilineata/25.jpg,32
ClanisBilineata/3.jpg,32
ClanisBilineata/4.jpg,32
ClanisBilineata/5.jpg,32
ClanisBilineata/6.jpg,32
ClanisBilineata/7.jpg,32
ClanisBilineata/8.jpg,32
ClanisBilineata/9.jpg,32
CletusPunctigerDallas/1.jpg,33
CletusPunctigerDallas/10.jpg,33
CletusPunctigerDallas/11.jpg,33
CletusPunctigerDallas/12.jpg,33
CletusPunctigerDallas/13.jpg,33
CletusPunctigerDallas/14.jpg,33
CletusPunctigerDallas/15.jpg,33
CletusPunctigerDallas/16.jpg,33
CletusPunctigerDallas/17.jpg,33
CletusPunctigerDallas/18.jpg,33
CletusPunctigerDallas/19.jpg,33
CletusPunctigerDallas/2.jpg,33
CletusPunctigerDallas/20.jpg,33
CletusPunctigerDallas/21.jpg,33
CletusPunctigerDallas/22.jpg,33
CletusPunctigerDallas/23.jpg,33
CletusPunctigerDallas/24.jpg,33
CletusPunctigerDallas/3.jpg,33
CletusPunctigerDallas/4.jpg,33
CletusPunctigerDallas/5.jpg,33
CletusPunctigerDallas/6.jpg,33
CletusPunctigerDallas/7.jpg,33
CletusPunctigerDallas/8.jpg,33
CletusPunctigerDallas/9.jpg,33
ClosteraAnastomosis/1.jpg,34
ClosteraAnastomosis/2.jpg,34
ClosteraAnastomosis/3.jpg,34
ClosteraAnastomosis/4.jpg,34
CnidocampaFlavescens/1.jpg,35
CnidocampaFlavescens/10.jpg,35
CnidocampaFlavescens/11.jpg,35
CnidocampaFlavescens/12.jpg,35
CnidocampaFlavescens/13.jpg,35
CnidocampaFlavescens/14.jpg,35
CnidocampaFlavescens/15.jpg,35
CnidocampaFlavescens/16.jpg,35
CnidocampaFlavescens/17.jpg,35
CnidocampaFlavescens/2.jpg,35
CnidocampaFlavescens/3.jpg,35
CnidocampaFlavescens/4.jpg,35
CnidocampaFlavescens/5.jpg,35
CnidocampaFlavescens/6.jpg,35
CnidocampaFlavescens/7.jpg,35
CnidocampaFlavescens/8.jpg,35
CnidocampaFlavescens/9.jpg,35
ColiasEurytheme/1.jpg,36
ColiasEurytheme/10.jpg,36
ColiasEurytheme/11.jpg,36
ColiasEurytheme/12.jpg,36
ColiasEurytheme/13.jpg,36
ColiasEurytheme/14.jpg,36
ColiasEurytheme/2.jpg,36
ColiasEurytheme/3.jpg,36
ColiasEurytheme/4.jpg,36
ColiasEurytheme/5.jpg,36
ColiasEurytheme/6.jpg,36
ColiasEurytheme/7.jpg,36
ColiasEurytheme/8.jpg,36
ColiasEurytheme/9.jpg,36
ConogethesPunctiferalis/1.jpg,37
ConogethesPunctiferalis/10.jpg,37
ConogethesPunctiferalis/11.jpg,37
ConogethesPunctiferalis/12.jpg,37
ConogethesPunctiferalis/13.jpg,37
ConogethesPunctiferalis/14.jpg,37
ConogethesPunctiferalis/15.jpg,37
ConogethesPunctiferalis/16.jpg,37
ConogethesPunctiferalis/17.jpg,37
ConogethesPunctiferalis/18.jpg,37
ConogethesPunctiferalis/19.jpg,37
ConogethesPunctiferalis/2.jpg,37
ConogethesPunctiferalis/20.jpg,37
ConogethesPunctiferalis/21.jpg,37
ConogethesPunctiferalis/22.jpg,37
ConogethesPunctiferalis/23.jpg,37
ConogethesPunctiferalis/24.jpg,37
ConogethesPunctiferalis/3.jpg,37
ConogethesPunctiferalis/4.jpg,37
ConogethesPunctiferalis/5.jpg,37
ConogethesPunctiferalis/6.jpg,37
ConogethesPunctiferalis/7.jpg,37
ConogethesPunctiferalis/8.jpg,37
ConogethesPunctiferalis/9.jpg,37
CorythuchaCiliata/1.jpg,38
CorythuchaCiliata/10.jpg,38
CorythuchaCiliata/11.jpg,38
CorythuchaCiliata/12.jpg,38
CorythuchaCiliata/2.jpg,38
CorythuchaCiliata/3.jpg,38
CorythuchaCiliata/4.jpg,38
CorythuchaCiliata/5.jpg,38
CorythuchaCiliata/6.jpg,38
CorythuchaCiliata/7.jpg,38
CorythuchaCiliata/8.jpg,38
CorythuchaCiliata/9.jpg,38
CreatonotusTransiens/1.jpg,39
CreatonotusTransiens/10.jpg,39
CreatonotusTransiens/11.jpg,39
CreatonotusTransiens/12.jpg,39
CreatonotusTransiens/13.jpg,39
CreatonotusTransiens/14.jpg,39
CreatonotusTransiens/15.jpg,39
CreatonotusTransiens/16.jpg,39
CreatonotusTransiens/17.jpg,39
CreatonotusTransiens/18.jpg,39
CreatonotusTransiens/19.jpg,39
CreatonotusTransiens/2.jpg,39
CreatonotusTransiens/20.jpg,39
CreatonotusTransiens/21.jpg,39
CreatonotusTransiens/22.jpg,39
CreatonotusTransiens/23.jpg,39
CreatonotusTransiens/24.jpg,39
CreatonotusTransiens/3.jpg,39
CreatonotusTransiens/4.jpg,39
CreatonotusTransiens/5.jpg,39
CreatonotusTransiens/6.jpg,39
CreatonotusTransiens/7.jpg,39
CreatonotusTransiens/8.jpg,39
CreatonotusTransiens/9.jpg,39
CryptotympanaAtrataFabricius/1.jpg,40
CryptotympanaAtrataFabricius/10.jpg,40
CryptotympanaAtrataFabricius/11.jpg,40
CryptotympanaAtrataFabricius/12.jpg,40
CryptotympanaAtrataFabricius/2.jpg,40
CryptotympanaAtrataFabricius/3.jpg,40
CryptotympanaAtrataFabricius/4.jpg,40
CryptotympanaAtrataFabricius/5.jpg,40
CryptotympanaAtrataFabricius/6.jpg,40
CryptotympanaAtrataFabricius/7.jpg,40
CryptotympanaAtrataFabricius/8.jpg,40
CryptotympanaAtrataFabricius/9.jpg,40
CyclidiaSubstigmariaSubstigmaria/1.jpg,41
CyclidiaSubstigmariaSubstigmaria/10.jpg,41
CyclidiaSubstigmariaSubstigmaria/11.jpg,41
CyclidiaSubstigmariaSubstigmaria/12.jpg,41
CyclidiaSubstigmariaSubstigmaria/13.jpg,41
CyclidiaSubstigmariaSubstigmaria/14.jpg,41
CyclidiaSubstigmariaSubstigmaria/15.jpg,41
CyclidiaSubstigmariaSubstigmaria/16.jpg,41
CyclidiaSubstigmariaSubstigmaria/2.jpg,41
CyclidiaSubstigmariaSubstigmaria/3.jpg,41
CyclidiaSubstigmariaSubstigmaria/4.jpg,41
CyclidiaSubstigmariaSubstigmaria/5.jpg,41
CyclidiaSubstigmariaSubstigmaria/6.jpg,41
CyclidiaSubstigmariaSubstigmaria/7.jpg,41
CyclidiaSubstigmariaSubstigmaria/8.jpg,41
CyclidiaSubstigmariaSubstigmaria/9.jpg,41
CyclopeltaObscura/1.jpg,42
CyclopeltaObscura/2.jpg,42
CyclopeltaObscura/3.jpg,42
CyclopeltaObscura/4.jpg,42
CyclopeltaObscura/5.jpg,42
CyclopeltaObscura/6.jpg,42
CyclopeltaObscura/7.jpg,42
CyclopeltaObscura/8.jpg,42
CystidiaCouaggariaGuenee/1.jpg,43
CystidiaCouaggariaGuenee/10.jpg,43
CystidiaCouaggariaGuenee/2.jpg,43
CystidiaCouaggariaGuenee/3.jpg,43
CystidiaCouaggariaGuenee/4.jpg,43
CystidiaCouaggariaGuenee/5.jpg,43
CystidiaCouaggariaGuenee/6.jpg,43
CystidiaCouaggariaGuenee/7.jpg,43
CystidiaCouaggariaGuenee/8.jpg,43
CystidiaCouaggariaGuenee/9.jpg,43
DanausChrysippusLinnaeus/1.jpg,44
DanausChrysippusLinnaeus/10.jpg,44
DanausChrysippusLinnaeus/11.jpg,44
DanausChrysippusLinnaeus/12.jpg,44
DanausChrysippusLinnaeus/13.jpg,44
DanausChrysippusLinnaeus/14.jpg,44
DanausChrysippusLinnaeus/15.jpg,44
DanausChrysippusLinnaeus/16.jpg,44
DanausChrysippusLinnaeus/17.jpg,44
DanausChrysippusLinnaeus/18.jpg,44
DanausChrysippusLinnaeus/19.jpg,44
DanausChrysippusLinnaeus/2.jpg,44
DanausChrysippusLinnaeus/20.jpg,44
DanausChrysippusLinnaeus/3.jpg,44
DanausChrysippusLinnaeus/4.jpg,44
DanausChrysippusLinnaeus/5.jpg,44
DanausChrysippusLinnaeus/6.jpg,44
DanausChrysippusLinnaeus/7.jpg,44
DanausChrysippusLinnaeus/8.jpg,44
DanausChrysippusLinnaeus/9.jpg,44
DanausGenutia/1.jpg,45
DanausGenutia/10.jpg,45
DanausGenutia/11.jpg,45
DanausGenutia/12.jpg,45
DanausGenutia/13.jpg,45
DanausGenutia/14.jpg,45
DanausGenutia/15.jpg,45
DanausGenutia/16.jpg,45
DanausGenutia/17.jpg,45
DanausGenutia/18.jpg,45
DanausGenutia/19.jpg,45
DanausGenutia/2.jpg,45
DanausGenutia/20.jpg,45
DanausGenutia/21.jpg,45
DanausGenutia/22.jpg,45
DanausGenutia/23.jpg,45
DanausGenutia/24.jpg,45
DanausGenutia/25.jpg,45
DanausGenutia/26.jpg,45
DanausGenutia/27.jpg,45
DanausGenutia/28.jpg,45
DanausGenutia/3.jpg,45
DanausGenutia/4.jpg,45
DanausGenutia/5.jpg,45
DanausGenutia/6.jpg,45
DanausGenutia/7.jpg,45
DanausGenutia/8.jpg,45
DanausGenutia/9.jpg,45
DasychiraGroteiMoore/1.jpg,46
DasychiraGroteiMoore/10.jpg,46
DasychiraGroteiMoore/11.jpg,46
DasychiraGroteiMoore/12.jpg,46
DasychiraGroteiMoore/13.jpg,46
DasychiraGroteiMoore/14.jpg,46
DasychiraGroteiMoore/15.jpg,46
DasychiraGroteiMoore/16.jpg,46
DasychiraGroteiMoore/17.jpg,46
DasychiraGroteiMoore/18.jpg,46
DasychiraGroteiMoore/19.jpg,46
DasychiraGroteiMoore/2.jpg,46
DasychiraGroteiMoore/20.jpg,46
DasychiraGroteiMoore/3.jpg,46
DasychiraGroteiMoore/4.jpg,46
DasychiraGroteiMoore/5.jpg,46
DasychiraGroteiMoore/6.jpg,46
DasychiraGroteiMoore/7.jpg,46
DasychiraGroteiMoore/8.jpg,46
DasychiraGroteiMoore/9.jpg,46
DatanaKMajor/1.jpg,47
DatanaKMajor/10.jpg,47
DatanaKMajor/11.jpg,47
DatanaKMajor/12.jpg,47
DatanaKMajor/13.jpg,47
DatanaKMajor/14.jpg,47
DatanaKMajor/15.jpg,47
DatanaKMajor/16.jpg,47
DatanaKMajor/17.jpg,47
DatanaKMajor/18.jpg,47
DatanaKMajor/19.jpg,47
DatanaKMajor/2.jpg,47
DatanaKMajor/20.jpg,47
DatanaKMajor/21.jpg,47
DatanaKMajor/3.jpg,47
DatanaKMajor/4.jpg,47
DatanaKMajor/5.jpg,47
DatanaKMajor/6.jpg,47
DatanaKMajor/7.jpg,47
DatanaKMajor/8.jpg,47
DatanaKMajor/9.jpg,47
DendrolimusPunctatusWalker/1.jpg,48
DendrolimusPunctatusWalker/10.jpg,48
DendrolimusPunctatusWalker/11.jpg,48
DendrolimusPunctatusWalker/12.jpg,48
DendrolimusPunctatusWalker/13.jpg,48
DendrolimusPunctatusWalker/14.jpg,48
DendrolimusPunctatusWalker/15.jpg,48
DendrolimusPunctatusWalker/16.jpg,48
DendrolimusPunctatusWalker/17.jpg,48
DendrolimusPunctatusWalker/18.jpg,48
DendrolimusPunctatusWalker/19.jpg,48
DendrolimusPunctatusWalker/2.jpg,48
DendrolimusPunctatusWalker/20.jpg,48
DendrolimusPunctatusWalker/21.jpg,48
DendrolimusPunctatusWalker/22.jpg,48
DendrolimusPunctatusWalker/23.jpg,48
DendrolimusPunctatusWalker/24.jpg,48
DendrolimusPunctatusWalker/3.jpg,48
DendrolimusPunctatusWalker/4.jpg,48
DendrolimusPunctatusWalker/5.jpg,48
DendrolimusPunctatusWalker/6.jpg,48
DendrolimusPunctatusWalker/7.jpg,48
DendrolimusPunctatusWalker/8.jpg,48
DendrolimusPunctatusWalker/9.jpg,48
DendrosinusBourreriae/1.jpg,49
DendrosinusBourreriae/10.jpg,49
DendrosinusBourreriae/11.jpg,49
DendrosinusBourreriae/12.jpg,49
DendrosinusBourreriae/13.jpg,49
DendrosinusBourreriae/14.jpg,49
DendrosinusBourreriae/15.jpg,49
DendrosinusBourreriae/16.jpg,49
DendrosinusBourreriae/17.jpg,49
DendrosinusBourreriae/18.jpg,49
DendrosinusBourreriae/19.jpg,49
DendrosinusBourreriae/2.jpg,49
DendrosinusBourreriae/20.jpg,49
DendrosinusBourreriae/3.jpg,49
DendrosinusBourreriae/4.jpg,49
DendrosinusBourreriae/5.jpg,49
DendrosinusBourreriae/6.jpg,49
DendrosinusBourreriae/7.jpg,49
DendrosinusBourreriae/8.jpg,49
DendrosinusBourreriae/9.jpg,49
DiabroticaBalteata/1.jpg,50
DiabroticaBalteata/10.jpg,50
DiabroticaBalteata/11.jpg,50
DiabroticaBalteata/12.jpg,50
DiabroticaBalteata/13.jpg,50
DiabroticaBalteata/14.jpg,50
DiabroticaBalteata/15.jpg,50
DiabroticaBalteata/16.jpg,50
DiabroticaBalteata/17.jpg,50
DiabroticaBalteata/18.jpg,50
DiabroticaBalteata/19.jpg,50
DiabroticaBalteata/2.jpg,50
DiabroticaBalteata/20.jpg,50
DiabroticaBalteata/21.jpg,50
DiabroticaBalteata/22.jpg,50
DiabroticaBalteata/3.jpg,50
DiabroticaBalteata/4.jpg,50
DiabroticaBalteata/5.jpg,50
DiabroticaBalteata/6.jpg,50
DiabroticaBalteata/7.jpg,50
DiabroticaBalteata/8.jpg,50
DiabroticaBalteata/9.jpg,50
DiaphaniaPerspectalis/1.jpg,51
DiaphaniaPerspectalis/2.jpg,51
DiaphaniaPerspectalis/3.jpg,51
DiaphaniaPerspectalis/4.jpg,51
DiaphaniaPerspectalis/5.jpg,51
DiaphaniaPerspectalis/6.jpg,51
DiaphaniaPerspectalis/7.jpg,51
DiaphaniaPerspectalis/8.jpg,51
DicranocephalusWallichi/1.jpg,52
DicranocephalusWallichi/10.jpg,52
DicranocephalusWallichi/11.jpg,52
DicranocephalusWallichi/12.jpg,52
DicranocephalusWallichi/13.jpg,52
DicranocephalusWallichi/14.jpg,52
DicranocephalusWallichi/15.jpg,52
DicranocephalusWallichi/2.jpg,52
DicranocephalusWallichi/3.jpg,52
DicranocephalusWallichi/4.jpg,52
DicranocephalusWallichi/5.jpg,52
DicranocephalusWallichi/6.jpg,52
DicranocephalusWallichi/7.jpg,52
DicranocephalusWallichi/8.jpg,52
DicranocephalusWallichi/9.jpg,52
DictyopharaSinica/1.jpg,53
DictyopharaSinica/10.jpg,53
DictyopharaSinica/11.jpg,53
DictyopharaSinica/12.jpg,53
DictyopharaSinica/13.jpg,53
DictyopharaSinica/14.jpg,53
DictyopharaSinica/15.jpg,53
DictyopharaSinica/16.jpg,53
DictyopharaSinica/17.jpg,53
DictyopharaSinica/18.jpg,53
DictyopharaSinica/19.jpg,53
DictyopharaSinica/2.jpg,53
DictyopharaSinica/20.jpg,53
DictyopharaSinica/21.jpg,53
DictyopharaSinica/22.jpg,53
DictyopharaSinica/23.jpg,53
DictyopharaSinica/24.jpg,53
DictyopharaSinica/25.jpg,53
DictyopharaSinica/26.jpg,53
DictyopharaSinica/27.jpg,53
DictyopharaSinica/28.jpg,53
DictyopharaSinica/29.jpg,53
DictyopharaSinica/3.jpg,53
DictyopharaSinica/30.jpg,53
DictyopharaSinica/31.jpg,53
DictyopharaSinica/32.jpg,53
DictyopharaSinica/33.jpg,53
DictyopharaSinica/34.jpg,53
DictyopharaSinica/35.jpg,53
DictyopharaSinica/4.jpg,53
DictyopharaSinica/5.jpg,53
DictyopharaSinica/6.jpg,53
DictyopharaSinica/7.jpg,53
DictyopharaSinica/8.jpg,53
DictyopharaSinica/9.jpg,53
DorcusTitanusPlatymelus/1.jpg,54
DorcusTitanusPlatymelus/10.jpg,54
DorcusTitanusPlatymelus/11.jpg,54
DorcusTitanusPlatymelus/12.jpg,54
DorcusTitanusPlatymelus/13.jpg,54
DorcusTitanusPlatymelus/14.jpg,54
DorcusTitanusPlatymelus/15.jpg,54
DorcusTitanusPlatymelus/16.jpg,54
DorcusTitanusPlatymelus/17.jpg,54
DorcusTitanusPlatymelus/18.jpg,54
DorcusTitanusPlatymelus/19.jpg,54
DorcusTitanusPlatymelus/2.jpg,54
DorcusTitanusPlatymelus/20.jpg,54
DorcusTitanusPlatymelus/21.jpg,54
DorcusTitanusPlatymelus/22.jpg,54
DorcusTitanusPlatymelus/23.jpg,54
DorcusTitanusPlatymelus/3.jpg,54
DorcusTitanusPlatymelus/4.jpg,54
DorcusTitanusPlatymelus/5.jpg,54
DorcusTitanusPlatymelus/6.jpg,54
DorcusTitanusPlatymelus/7.jpg,54
DorcusTitanusPlatymelus/8.jpg,54
DorcusTitanusPlatymelus/9.jpg,54
DrosichaCorpulenta/1.jpg,55
DrosichaCorpulenta/10.jpg,55
DrosichaCorpulenta/11.jpg,55
DrosichaCorpulenta/12.jpg,55
DrosichaCorpulenta/13.jpg,55
DrosichaCorpulenta/14.jpg,55
DrosichaCorpulenta/15.jpg,55
DrosichaCorpulenta/16.jpg,55
DrosichaCorpulenta/2.jpg,55
DrosichaCorpulenta/3.jpg,55
DrosichaCorpulenta/4.jpg,55
DrosichaCorpulenta/5.jpg,55
DrosichaCorpulenta/6.jpg,55
DrosichaCorpulenta/7.jpg,55
DrosichaCorpulenta/8.jpg,55
DrosichaCorpulenta/9.jpg,55
EligmaNarcissus/1.jpg,56
EligmaNarcissus/10.jpg,56
EligmaNarcissus/2.jpg,56
EligmaNarcissus/3.jpg,56
EligmaNarcissus/4.jpg,56
EligmaNarcissus/5.jpg,56
EligmaNarcissus/6.jpg,56
EligmaNarcissus/7.jpg,56
EligmaNarcissus/8.jpg,56
EligmaNarcissus/9.jpg,56
EnmonodiaVespertiliFabricius/1.jpg,57
EnmonodiaVespertiliFabricius/10.jpg,57
EnmonodiaVespertiliFabricius/2.jpg,57
EnmonodiaVespertiliFabricius/3.jpg,57
EnmonodiaVespertiliFabricius/4.jpg,57
EnmonodiaVespertiliFabricius/5.jpg,57
EnmonodiaVespertiliFabricius/6.jpg,57
EnmonodiaVespertiliFabricius/7.jpg,57
EnmonodiaVespertiliFabricius/8.jpg,57
EnmonodiaVespertiliFabricius/9.jpg,57
EpicautaPensylvanica/1.jpg,58
EpicautaPensylvanica/10.jpg,58
EpicautaPensylvanica/11.jpg,58
EpicautaPensylvanica/2.jpg,58
EpicautaPensylvanica/3.jpg,58
EpicautaPensylvanica/4.jpg,58
EpicautaPensylvanica/5.jpg,58
EpicautaPensylvanica/6.jpg,58
EpicautaPensylvanica/7.jpg,58
EpicautaPensylvanica/8.jpg,58
EpicautaPensylvanica/9.jpg,58
EpitrixHirtipennis/1.jpg,59
EpitrixHirtipennis/10.jpg,59
EpitrixHirtipennis/11.jpg,59
EpitrixHirtipennis/2.jpg,59
EpitrixHirtipennis/3.jpg,59
EpitrixHirtipennis/4.jpg,59
EpitrixHirtipennis/5.jpg,59
EpitrixHirtipennis/6.jpg,59
EpitrixHirtipennis/7.jpg,59
EpitrixHirtipennis/8.jpg,59
EpitrixHirtipennis/9.jpg,59
ErionotaThrax/1.jpg,60
ErionotaThrax/10.jpg,60
ErionotaThrax/11.jpg,60
ErionotaThrax/12.jpg,60
ErionotaThrax/13.jpg,60
ErionotaThrax/14.jpg,60
ErionotaThrax/15.jpg,60
ErionotaThrax/16.jpg,60
ErionotaThrax/17.jpg,60
ErionotaThrax/18.jpg,60
ErionotaThrax/19.jpg,60
ErionotaThrax/2.jpg,60
ErionotaThrax/20.jpg,60
ErionotaThrax/3.jpg,60
ErionotaThrax/4.jpg,60
ErionotaThrax/5.jpg,60
ErionotaThrax/6.jpg,60
ErionotaThrax/7.jpg,60
ErionotaThrax/8.jpg,60
ErionotaThrax/9.jpg,60
ErthesinaFullo/1.jpg,61
ErthesinaFullo/10.jpg,61
ErthesinaFullo/11.jpg,61
ErthesinaFullo/12.jpg,61
ErthesinaFullo/13.jpg,61
ErthesinaFullo/14.jpg,61
ErthesinaFullo/15.jpg,61
ErthesinaFullo/16.jpg,61
ErthesinaFullo/17.jpg,61
ErthesinaFullo/18.jpg,61
ErthesinaFullo/19.jpg,61
ErthesinaFullo/2.jpg,61
ErthesinaFullo/20.jpg,61
ErthesinaFullo/21.jpg,61
ErthesinaFullo/22.jpg,61
ErthesinaFullo/23.jpg,61
ErthesinaFullo/24.jpg,61
ErthesinaFullo/25.jpg,61
ErthesinaFullo/3.jpg,61
ErthesinaFullo/4.jpg,61
ErthesinaFullo/5.jpg,61
ErthesinaFullo/6.jpg,61
ErthesinaFullo/7.jpg,61
ErthesinaFullo/8.jpg,61
ErthesinaFullo/9.jpg,61
EumorphaAchemon/1.jpg,62
EumorphaAchemon/10.jpg,62
EumorphaAchemon/11.jpg,62
EumorphaAchemon/12.jpg,62
EumorphaAchemon/13.jpg,62
EumorphaAchemon/14.jpg,62
EumorphaAchemon/15.jpg,62
EumorphaAchemon/16.jpg,62
EumorphaAchemon/17.jpg,62
EumorphaAchemon/18.jpg,62
EumorphaAchemon/19.jpg,62
EumorphaAchemon/2.jpg,62
EumorphaAchemon/3.jpg,62
EumorphaAchemon/4.jpg,62
EumorphaAchemon/5.jpg,62
EumorphaAchemon/6.jpg,62
EumorphaAchemon/7.jpg,62
EumorphaAchemon/8.jpg,62
EumorphaAchemon/9.jpg,62
EuricaniaClara/1.jpg,63
EuricaniaClara/10.jpg,63
EuricaniaClara/11.jpg,63
EuricaniaClara/12.jpg,63
EuricaniaClara/13.jpg,63
EuricaniaClara/14.jpg,63
EuricaniaClara/15.jpg,63
EuricaniaClara/16.jpg,63
EuricaniaClara/17.jpg,63
EuricaniaClara/18.jpg,63
EuricaniaClara/19.jpg,63
EuricaniaClara/2.jpg,63
EuricaniaClara/20.jpg,63
EuricaniaClara/21.jpg,63
EuricaniaClara/22.jpg,63
EuricaniaClara/3.jpg,63
EuricaniaClara/4.jpg,63
EuricaniaClara/5.jpg,63
EuricaniaClara/6.jpg,63
EuricaniaClara/7.jpg,63
EuricaniaClara/8.jpg,63
EuricaniaClara/9.jpg,63
EurostusValidusDallas/1.jpg,64
EurostusValidusDallas/10.jpg,64
EurostusValidusDallas/11.jpg,64
EurostusValidusDallas/12.jpg,64
EurostusValidusDallas/13.jpg,64
EurostusValidusDallas/14.jpg,64
EurostusValidusDallas/2.jpg,64
EurostusValidusDallas/3.jpg,64
EurostusValidusDallas/4.jpg,64
EurostusValidusDallas/5.jpg,64
EurostusValidusDallas/6.jpg,64
EurostusValidusDallas/7.jpg,64
EurostusValidusDallas/8.jpg,64
EurostusValidusDallas/9.jpg,64
EurydemaDominulus/1.jpg,65
EurydemaDominulus/10.jpg,65
EurydemaDominulus/11.jpg,65
EurydemaDominulus/12.jpg,65
EurydemaDominulus/13.jpg,65
EurydemaDominulus/14.jpg,65
EurydemaDominulus/15.jpg,65
EurydemaDominulus/16.jpg,65
EurydemaDominulus/17.jpg,65
EurydemaDominulus/18.jpg,65
EurydemaDominulus/19.jpg,65
EurydemaDominulus/2.jpg,65
EurydemaDominulus/20.jpg,65
EurydemaDominulus/3.jpg,65
EurydemaDominulus/4.jpg,65
EurydemaDominulus/5.jpg,65
EurydemaDominulus/6.jpg,65
EurydemaDominulus/7.jpg,65
EurydemaDominulus/8.jpg,65
EurydemaDominulus/9.jpg,65
EuxoaAuxiliaris/1.jpg,66
EuxoaAuxiliaris/10.jpg,66
EuxoaAuxiliaris/11.jpg,66
EuxoaAuxiliaris/12.jpg,66
EuxoaAuxiliaris/13.jpg,66
EuxoaAuxiliaris/14.jpg,66
EuxoaAuxiliaris/15.jpg,66
EuxoaAuxiliaris/16.jpg,66
EuxoaAuxiliaris/17.jpg,66
EuxoaAuxiliaris/18.jpg,66
EuxoaAuxiliaris/19.jpg,66
EuxoaAuxiliaris/2.jpg,66
EuxoaAuxiliaris/20.jpg,66
EuxoaAuxiliaris/3.jpg,66
EuxoaAuxiliaris/4.jpg,66
EuxoaAuxiliaris/5.jpg,66
EuxoaAuxiliaris/6.jpg,66
EuxoaAuxiliaris/7.jpg,66
EuxoaAuxiliaris/8.jpg,66
EuxoaAuxiliaris/9.jpg,66
GalerucellaCalmariensis/1.jpg,67
GalerucellaCalmariensis/10.jpg,67
GalerucellaCalmariensis/11.jpg,67
GalerucellaCalmariensis/2.jpg,67
GalerucellaCalmariensis/3.jpg,67
GalerucellaCalmariensis/4.jpg,67
GalerucellaCalmariensis/5.jpg,67
GalerucellaCalmariensis/6.jpg,67
GalerucellaCalmariensis/7.jpg,67
GalerucellaCalmariensis/8.jpg,67
GalerucellaCalmariensis/9.jpg,67
GeishaDistinctissima/1.jpg,68
GeishaDistinctissima/10.jpg,68
GeishaDistinctissima/11.jpg,68
GeishaDistinctissima/12.jpg,68
GeishaDistinctissima/13.jpg,68
GeishaDistinctissima/14.jpg,68
GeishaDistinctissima/15.jpg,68
GeishaDistinctissima/16.jpg,68
GeishaDistinctissima/17.jpg,68
GeishaDistinctissima/18.jpg,68
GeishaDistinctissima/19.jpg,68
GeishaDistinctissima/2.jpg,68
GeishaDistinctissima/20.jpg,68
GeishaDistinctissima/21.jpg,68
GeishaDistinctissima/22.jpg,68
GeishaDistinctissima/23.jpg,68
GeishaDistinctissima/24.jpg,68
GeishaDistinctissima/25.jpg,68
GeishaDistinctissima/3.jpg,68
GeishaDistinctissima/4.jpg,68
GeishaDistinctissima/5.jpg,68
GeishaDistinctissima/6.jpg,68
GeishaDistinctissima/7.jpg,68
GeishaDistinctissima/8.jpg,68
GeishaDistinctissima/9.jpg,68
GonioctenaAmericana/1.jpg,69
GonioctenaAmericana/10.jpg,69
GonioctenaAmericana/11.jpg,69
GonioctenaAmericana/12.jpg,69
GonioctenaAmericana/13.jpg,69
GonioctenaAmericana/14.jpg,69
GonioctenaAmericana/15.jpg,69
GonioctenaAmericana/16.jpg,69
GonioctenaAmericana/17.jpg,69
GonioctenaAmericana/2.jpg,69
GonioctenaAmericana/3.jpg,69
GonioctenaAmericana/4.jpg,69
GonioctenaAmericana/5.jpg,69
GonioctenaAmericana/6.jpg,69
GonioctenaAmericana/7.jpg,69
GonioctenaAmericana/8.jpg,69
GonioctenaAmericana/9.jpg,69
GraphiumSarpedonLinnaeue/1.jpg,70
GraphiumSarpedonLinnaeue/10.jpg,70
GraphiumSarpedonLinnaeue/11.jpg,70
GraphiumSarpedonLinnaeue/12.jpg,70
GraphiumSarpedonLinnaeue/13.jpg,70
GraphiumSarpedonLinnaeue/14.jpg,70
GraphiumSarpedonLinnaeue/15.jpg,70
GraphiumSarpedonLinnaeue/16.jpg,70
GraphiumSarpedonLinnaeue/17.jpg,70
GraphiumSarpedonLinnaeue/18.jpg,70
GraphiumSarpedonLinnaeue/19.jpg,70
GraphiumSarpedonLinnaeue/2.jpg,70
GraphiumSarpedonLinnaeue/20.jpg,70
GraphiumSarpedonLinnaeue/21.jpg,70
GraphiumSarpedonLinnaeue/22.jpg,70
GraphiumSarpedonLinnaeue/23.jpg,70
GraphiumSarpedonLinnaeue/24.jpg,70
GraphiumSarpedonLinnaeue/25.jpg,70
GraphiumSarpedonLinnaeue/3.jpg,70
GraphiumSarpedonLinnaeue/4.jpg,70
GraphiumSarpedonLinnaeue/5.jpg,70
GraphiumSarpedonLinnaeue/6.jpg,70
GraphiumSarpedonLinnaeue/7.jpg,70
GraphiumSarpedonLinnaeue/8.jpg,70
GraphiumSarpedonLinnaeue/9.jpg,70
GraphosomaRubrolineata/1.jpg,71
GraphosomaRubrolineata/10.jpg,71
GraphosomaRubrolineata/11.jpg,71
GraphosomaRubrolineata/12.jpg,71
GraphosomaRubrolineata/13.jpg,71
GraphosomaRubrolineata/14.jpg,71
GraphosomaRubrolineata/15.jpg,71
GraphosomaRubrolineata/2.jpg,71
GraphosomaRubrolineata/3.jpg,71
GraphosomaRubrolineata/4.jpg,71
GraphosomaRubrolineata/5.jpg,71
GraphosomaRubrolineata/6.jpg,71
GraphosomaRubrolineata/7.jpg,71
GraphosomaRubrolineata/8.jpg,71
GraphosomaRubrolineata/9.jpg,71
HalyomorphaPicusFabricius/1.jpg,72
HalyomorphaPicusFabricius/10.jpg,72
HalyomorphaPicusFabricius/11.jpg,72
HalyomorphaPicusFabricius/12.jpg,72
HalyomorphaPicusFabricius/13.jpg,72
HalyomorphaPicusFabricius/14.jpg,72
HalyomorphaPicusFabricius/15.jpg,72
HalyomorphaPicusFabricius/16.jpg,72
HalyomorphaPicusFabricius/17.jpg,72
HalyomorphaPicusFabricius/18.jpg,72
HalyomorphaPicusFabricius/2.jpg,72
HalyomorphaPicusFabricius/3.jpg,72
HalyomorphaPicusFabricius/4.jpg,72
HalyomorphaPicusFabricius/5.jpg,72
HalyomorphaPicusFabricius/6.jpg,72
HalyomorphaPicusFabricius/7.jpg,72
HalyomorphaPicusFabricius/8.jpg,72
HalyomorphaPicusFabricius/9.jpg,72
HestinaAssimilis/1.jpg,73
HestinaAssimilis/10.jpg,73
HestinaAssimilis/11.jpg,73
HestinaAssimilis/12.jpg,73
HestinaAssimilis/13.jpg,73
HestinaAssimilis/14.jpg,73
HestinaAssimilis/15.jpg,73
HestinaAssimilis/16.jpg,73
HestinaAssimilis/17.jpg,73
HestinaAssimilis/18.jpg,73
HestinaAssimilis/19.jpg,73
HestinaAssimilis/2.jpg,73
HestinaAssimilis/20.jpg,73
HestinaAssimilis/21.jpg,73
HestinaAssimilis/22.jpg,73
HestinaAssimilis/23.jpg,73
HestinaAssimilis/24.jpg,73
HestinaAssimilis/25.jpg,73
HestinaAssimilis/26.jpg,73
HestinaAssimilis/27.jpg,73
HestinaAssimilis/28.jpg,73
HestinaAssimilis/29.jpg,73
HestinaAssimilis/3.jpg,73
HestinaAssimilis/30.jpg,73
HestinaAssimilis/31.jpg,73
HestinaAssimilis/4.jpg,73
HestinaAssimilis/5.jpg,73
HestinaAssimilis/6.jpg,73
HestinaAssimilis/7.jpg,73
HestinaAssimilis/8.jpg,73
HestinaAssimilis/9.jpg,73
HistiaRhodopeCramer/1.jpg,74
HistiaRhodopeCramer/10.jpg,74
HistiaRhodopeCramer/11.jpg,74
HistiaRhodopeCramer/12.jpg,74
HistiaRhodopeCramer/13.jpg,74
HistiaRhodopeCramer/14.jpg,74
HistiaRhodopeCramer/15.jpg,74
HistiaRhodopeCramer/2.jpg,74
HistiaRhodopeCramer/3.jpg,74
HistiaRhodopeCramer/4.jpg,74
HistiaRhodopeCramer/5.jpg,74
HistiaRhodopeCramer/6.jpg,74
HistiaRhodopeCramer/7.jpg,74
HistiaRhodopeCramer/8.jpg,74
HistiaRhodopeCramer/9.jpg,74
HylastesPorculus/1.jpg,75
HylastesPorculus/10.jpg,75
HylastesPorculus/100.jpg,75
HylastesPorculus/101.jpg,75
HylastesPorculus/102.jpg,75
HylastesPorculus/103.jpg,75
HylastesPorculus/104.jpg,75
HylastesPorculus/105.jpg,75
HylastesPorculus/106.jpg,75
HylastesPorculus/107.jpg,75
HylastesPorculus/108.jpg,75
HylastesPorculus/109.jpg,75
HylastesPorculus/11.jpg,75
HylastesPorculus/110.jpg,75
HylastesPorculus/111.jpg,75
HylastesPorculus/112.jpg,75
HylastesPorculus/113.jpg,75
HylastesPorculus/114.jpg,75
HylastesPorculus/115.jpg,75
HylastesPorculus/116.jpg,75
HylastesPorculus/117.jpg,75
HylastesPorculus/118.jpg,75
HylastesPorculus/119.jpg,75
HylastesPorculus/12.jpg,75
HylastesPorculus/120.jpg,75
HylastesPorculus/121.jpg,75
HylastesPorculus/122.jpg,75
HylastesPorculus/123.jpg,75
HylastesPorculus/124.jpg,75
HylastesPorculus/125.jpg,75
HylastesPorculus/126.jpg,75
HylastesPorculus/127.jpg,75
HylastesPorculus/128.jpg,75
HylastesPorculus/129.jpg,75
HylastesPorculus/13.jpg,75
HylastesPorculus/130.jpg,75
HylastesPorculus/131.jpg,75
HylastesPorculus/132.jpg,75
HylastesPorculus/133.jpg,75
HylastesPorculus/134.jpg,75
HylastesPorculus/135.jpg,75
HylastesPorculus/136.jpg,75
HylastesPorculus/137.jpg,75
HylastesPorculus/138.jpg,75
HylastesPorculus/139.jpg,75
HylastesPorculus/14.jpg,75
HylastesPorculus/140.jpg,75
HylastesPorculus/141.jpg,75
HylastesPorculus/142.jpg,75
HylastesPorculus/143.jpg,75
HylastesPorculus/144.jpg,75
HylastesPorculus/145.jpg,75
HylastesPorculus/146.jpg,75
HylastesPorculus/147.jpg,75
HylastesPorculus/148.jpg,75
HylastesPorculus/149.jpg,75
HylastesPorculus/15.jpg,75
HylastesPorculus/150.jpg,75
HylastesPorculus/151.jpg,75
HylastesPorculus/152.jpg,75
HylastesPorculus/153.jpg,75
HylastesPorculus/154.jpg,75
HylastesPorculus/155.jpg,75
HylastesPorculus/156.jpg,75
HylastesPorculus/157.jpg,75
HylastesPorculus/158.jpg,75
HylastesPorculus/159.jpg,75
HylastesPorculus/16.jpg,75
HylastesPorculus/160.jpg,75
HylastesPorculus/161.jpg,75
HylastesPorculus/162.jpg,75
HylastesPorculus/163.jpg,75
HylastesPorculus/164.jpg,75
HylastesPorculus/165.jpg,75
HylastesPorculus/166.jpg,75
HylastesPorculus/167.jpg,75
HylastesPorculus/168.jpg,75
HylastesPorculus/169.jpg,75
HylastesPorculus/17.jpg,75
HylastesPorculus/170.jpg,75
HylastesPorculus/171.jpg,75
HylastesPorculus/172.jpg,75
HylastesPorculus/173.jpg,75
HylastesPorculus/174.jpg,75
HylastesPorculus/175.jpg,75
HylastesPorculus/176.jpg,75
HylastesPorculus/177.jpg,75
HylastesPorculus/178.jpg,75
HylastesPorculus/179.jpg,75
HylastesPorculus/18.jpg,75
HylastesPorculus/180.jpg,75
HylastesPorculus/181.jpg,75
HylastesPorculus/182.jpg,75
HylastesPorculus/183.jpg,75
HylastesPorculus/184.jpg,75
HylastesPorculus/185.jpg,75
HylastesPorculus/186.jpg,75
HylastesPorculus/187.jpg,75
HylastesPorculus/188.jpg,75
HylastesPorculus/189.jpg,75
HylastesPorculus/19.jpg,75
HylastesPorculus/190.jpg,75
HylastesPorculus/191.jpg,75
HylastesPorculus/192.jpg,75
HylastesPorculus/193.jpg,75
HylastesPorculus/194.jpg,75
HylastesPorculus/195.jpg,75
HylastesPorculus/196.jpg,75
HylastesPorculus/197.jpg,75
HylastesPorculus/198.jpg,75
HylastesPorculus/199.jpg,75
HylastesPorculus/2.jpg,75
HylastesPorculus/20.jpg,75
HylastesPorculus/200.jpg,75
HylastesPorculus/201.jpg,75
HylastesPorculus/202.jpg,75
HylastesPorculus/203.jpg,75
HylastesPorculus/204.jpg,75
HylastesPorculus/205.jpg,75
HylastesPorculus/206.jpg,75
HylastesPorculus/207.jpg,75
HylastesPorculus/208.jpg,75
HylastesPorculus/209.jpg,75
HylastesPorculus/21.jpg,75
HylastesPorculus/210.jpg,75
HylastesPorculus/211.jpg,75
HylastesPorculus/212.jpg,75
HylastesPorculus/213.jpg,75
HylastesPorculus/214.jpg,75
HylastesPorculus/215.jpg,75
HylastesPorculus/216.jpg,75
HylastesPorculus/217.jpg,75
HylastesPorculus/218.jpg,75
HylastesPorculus/219.jpg,75
HylastesPorculus/22.jpg,75
HylastesPorculus/220.jpg,75
HylastesPorculus/221.jpg,75
HylastesPorculus/222.jpg,75
HylastesPorculus/223.jpg,75
HylastesPorculus/224.jpg,75
HylastesPorculus/225.jpg,75
HylastesPorculus/226.jpg,75
HylastesPorculus/227.jpg,75
HylastesPorculus/228.jpg,75
HylastesPorculus/229.jpg,75
HylastesPorculus/23.jpg,75
HylastesPorculus/230.jpg,75
HylastesPorculus/231.jpg,75
HylastesPorculus/232.jpg,75
HylastesPorculus/233.jpg,75
HylastesPorculus/234.jpg,75
HylastesPorculus/235.jpg,75
HylastesPorculus/236.jpg,75
HylastesPorculus/237.jpg,75
HylastesPorculus/238.jpg,75
HylastesPorculus/239.jpg,75
HylastesPorculus/24.jpg,75
HylastesPorculus/240.jpg,75
HylastesPorculus/241.jpg,75
HylastesPorculus/242.jpg,75
HylastesPorculus/243.jpg,75
HylastesPorculus/244.jpg,75
HylastesPorculus/245.jpg,75
HylastesPorculus/246.jpg,75
HylastesPorculus/247.jpg,75
HylastesPorculus/248.jpg,75
HylastesPorculus/249.jpg,75
HylastesPorculus/25.jpg,75
HylastesPorculus/250.jpg,75
HylastesPorculus/251.jpg,75
HylastesPorculus/252.jpg,75
HylastesPorculus/253.jpg,75
HylastesPorculus/254.jpg,75
HylastesPorculus/255.jpg,75
HylastesPorculus/256.jpg,75
HylastesPorculus/257.jpg,75
HylastesPorculus/258.jpg,75
HylastesPorculus/259.jpg,75
HylastesPorculus/26.jpg,75
HylastesPorculus/260.jpg,75
HylastesPorculus/261.jpg,75
HylastesPorculus/262.jpg,75
HylastesPorculus/263.jpg,75
HylastesPorculus/264.jpg,75
HylastesPorculus/265.jpg,75
HylastesPorculus/266.jpg,75
HylastesPorculus/267.jpg,75
HylastesPorculus/268.jpg,75
HylastesPorculus/269.jpg,75
HylastesPorculus/27.jpg,75
HylastesPorculus/270.jpg,75
HylastesPorculus/271.jpg,75
HylastesPorculus/272.jpg,75
HylastesPorculus/273.jpg,75
HylastesPorculus/274.jpg,75
HylastesPorculus/275.jpg,75
HylastesPorculus/276.jpg,75
HylastesPorculus/277.jpg,75
HylastesPorculus/278.jpg,75
HylastesPorculus/279.jpg,75
HylastesPorculus/28.jpg,75
HylastesPorculus/280.jpg,75
HylastesPorculus/281.jpg,75
HylastesPorculus/282.jpg,75
HylastesPorculus/283.jpg,75
HylastesPorculus/284.jpg,75
HylastesPorculus/285.jpg,75
HylastesPorculus/286.jpg,75
HylastesPorculus/287.jpg,75
HylastesPorculus/288.jpg,75
HylastesPorculus/289.jpg,75
HylastesPorculus/29.jpg,75
HylastesPorculus/290.jpg,75
HylastesPorculus/291.jpg,75
HylastesPorculus/292.jpg,75
HylastesPorculus/293.jpg,75
HylastesPorculus/294.jpg,75
HylastesPorculus/295.jpg,75
HylastesPorculus/296.jpg,75
HylastesPorculus/297.jpg,75
HylastesPorculus/298.jpg,75
HylastesPorculus/299.jpg,75
HylastesPorculus/3.jpg,75
HylastesPorculus/30.jpg,75
HylastesPorculus/300.jpg,75
HylastesPorculus/301.jpg,75
HylastesPorculus/302.jpg,75
HylastesPorculus/303.jpg,75
HylastesPorculus/304.jpg,75
HylastesPorculus/305.jpg,75
HylastesPorculus/306.jpg,75
HylastesPorculus/307.jpg,75
HylastesPorculus/308.jpg,75
HylastesPorculus/309.jpg,75
HylastesPorculus/31.jpg,75
HylastesPorculus/310.jpg,75
HylastesPorculus/311.jpg,75
HylastesPorculus/312.jpg,75
HylastesPorculus/313.jpg,75
HylastesPorculus/314.jpg,75
HylastesPorculus/315.jpg,75
HylastesPorculus/316.jpg,75
HylastesPorculus/317.jpg,75
HylastesPorculus/318.jpg,75
HylastesPorculus/319.jpg,75
HylastesPorculus/32.jpg,75
HylastesPorculus/320.jpg,75
HylastesPorculus/321.jpg,75
HylastesPorculus/322.jpg,75
HylastesPorculus/323.jpg,75
HylastesPorculus/324.jpg,75
HylastesPorculus/325.jpg,75
HylastesPorculus/326.jpg,75
HylastesPorculus/327.jpg,75
HylastesPorculus/328.jpg,75
HylastesPorculus/329.jpg,75
HylastesPorculus/33.jpg,75
HylastesPorculus/330.jpg,75
HylastesPorculus/331.jpg,75
HylastesPorculus/332.jpg,75
HylastesPorculus/333.jpg,75
HylastesPorculus/334.jpg,75
HylastesPorculus/335.jpg,75
HylastesPorculus/336.jpg,75
HylastesPorculus/337.jpg,75
HylastesPorculus/338.jpg,75
HylastesPorculus/339.jpg,75
HylastesPorculus/34.jpg,75
HylastesPorculus/340.jpg,75
HylastesPorculus/341.jpg,75
HylastesPorculus/342.jpg,75
HylastesPorculus/343.jpg,75
HylastesPorculus/344.jpg,75
HylastesPorculus/345.jpg,75
HylastesPorculus/346.jpg,75
HylastesPorculus/347.jpg,75
HylastesPorculus/348.jpg,75
HylastesPorculus/349.jpg,75
HylastesPorculus/35.jpg,75
HylastesPorculus/350.jpg,75
HylastesPorculus/351.jpg,75
HylastesPorculus/352.jpg,75
HylastesPorculus/353.jpg,75
HylastesPorculus/354.jpg,75
HylastesPorculus/355.jpg,75
HylastesPorculus/356.jpg,75
HylastesPorculus/357.jpg,75
HylastesPorculus/358.jpg,75
HylastesPorculus/359.jpg,75
HylastesPorculus/36.jpg,75
HylastesPorculus/360.jpg,75
HylastesPorculus/361.jpg,75
HylastesPorculus/362.jpg,75
HylastesPorculus/363.jpg,75
HylastesPorculus/364.jpg,75
HylastesPorculus/365.jpg,75
HylastesPorculus/366.jpg,75
HylastesPorculus/367.jpg,75
HylastesPorculus/368.jpg,75
HylastesPorculus/369.jpg,75
HylastesPorculus/37.jpg,75
HylastesPorculus/370.jpg,75
HylastesPorculus/371.jpg,75
HylastesPorculus/372.jpg,75
HylastesPorculus/373.jpg,75
HylastesPorculus/374.jpg,75
HylastesPorculus/375.jpg,75
HylastesPorculus/376.jpg,75
HylastesPorculus/377.jpg,75
HylastesPorculus/378.jpg,75
HylastesPorculus/379.jpg,75
HylastesPorculus/38.jpg,75
HylastesPorculus/380.jpg,75
HylastesPorculus/381.jpg,75
HylastesPorculus/382.jpg,75
HylastesPorculus/383.jpg,75
HylastesPorculus/384.jpg,75
HylastesPorculus/385.jpg,75
HylastesPorculus/386.jpg,75
HylastesPorculus/387.jpg,75
HylastesPorculus/388.jpg,75
HylastesPorculus/389.jpg,75
HylastesPorculus/39.jpg,75
HylastesPorculus/390.jpg,75
HylastesPorculus/391.jpg,75
HylastesPorculus/392.jpg,75
HylastesPorculus/4.jpg,75
HylastesPorculus/40.jpg,75
HylastesPorculus/41.jpg,75
HylastesPorculus/42.jpg,75
HylastesPorculus/43.jpg,75
HylastesPorculus/44.jpg,75
HylastesPorculus/45.jpg,75
HylastesPorculus/46.jpg,75
HylastesPorculus/47.jpg,75
HylastesPorculus/48.jpg,75
HylastesPorculus/49.jpg,75
HylastesPorculus/5.jpg,75
HylastesPorculus/50.jpg,75
HylastesPorculus/51.jpg,75
HylastesPorculus/52.jpg,75
HylastesPorculus/53.jpg,75
HylastesPorculus/54.jpg,75
HylastesPorculus/55.jpg,75
HylastesPorculus/56.jpg,75
HylastesPorculus/57.jpg,75
HylastesPorculus/58.jpg,75
HylastesPorculus/59.jpg,75
HylastesPorculus/6.jpg,75
HylastesPorculus/60.jpg,75
HylastesPorculus/61.jpg,75
HylastesPorculus/62.jpg,75
HylastesPorculus/63.jpg,75
HylastesPorculus/64.jpg,75
HylastesPorculus/65.jpg,75
HylastesPorculus/66.jpg,75
HylastesPorculus/67.jpg,75
HylastesPorculus/68.jpg,75
HylastesPorculus/69.jpg,75
HylastesPorculus/7.jpg,75
HylastesPorculus/70.jpg,75
HylastesPorculus/71.jpg,75
HylastesPorculus/72.jpg,75
HylastesPorculus/73.jpg,75
HylastesPorculus/74.jpg,75
HylastesPorculus/75.jpg,75
HylastesPorculus/76.jpg,75
HylastesPorculus/77.jpg,75
HylastesPorculus/78.jpg,75
HylastesPorculus/79.jpg,75
HylastesPorculus/8.jpg,75
HylastesPorculus/80.jpg,75
HylastesPorculus/81.jpg,75
HylastesPorculus/82.jpg,75
HylastesPorculus/83.jpg,75
HylastesPorculus/84.jpg,75
HylastesPorculus/85.jpg,75
HylastesPorculus/86.jpg,75
HylastesPorculus/87.jpg,75
HylastesPorculus/88.jpg,75
HylastesPorculus/89.jpg,75
HylastesPorculus/9.jpg,75
HylastesPorculus/90.jpg,75
HylastesPorculus/91.jpg,75
HylastesPorculus/92.jpg,75
HylastesPorculus/93.jpg,75
HylastesPorculus/94.jpg,75
HylastesPorculus/95.jpg,75
HylastesPorculus/96.jpg,75
HylastesPorculus/97.jpg,75
HylastesPorculus/98.jpg,75
HylastesPorculus/99.jpg,75
HylesinusSpp/1.jpg,76
HylesinusSpp/2.jpg,76
HylesinusSpp/3.jpg,76
HylesinusSpp/4.jpg,76
HylesinusSpp/5.jpg,76
HylesinusSpp/6.jpg,76
HylesinusSpp/7.jpg,76
HylesinusSpp/8.jpg,76
HylesinusSpp/9.jpg,76
HylesinusVarius/1.jpg,77
HylesinusVarius/10.jpg,77
HylesinusVarius/2.jpg,77
HylesinusVarius/3.jpg,77
HylesinusVarius/4.jpg,77
HylesinusVarius/5.jpg,77
HylesinusVarius/6.jpg,77
HylesinusVarius/7.jpg,77
HylesinusVarius/8.jpg,77
HylesinusVarius/9.jpg,77
HyphantriaCunea/1.jpg,78
HyphantriaCunea/10.jpg,78
HyphantriaCunea/11.jpg,78
HyphantriaCunea/12.jpg,78
HyphantriaCunea/13.jpg,78
HyphantriaCunea/14.jpg,78
HyphantriaCunea/15.jpg,78
HyphantriaCunea/16.jpg,78
HyphantriaCunea/17.jpg,78
HyphantriaCunea/18.jpg,78
HyphantriaCunea/19.jpg,78
HyphantriaCunea/2.jpg,78
HyphantriaCunea/20.jpg,78
HyphantriaCunea/21.jpg,78
HyphantriaCunea/22.jpg,78
HyphantriaCunea/23.jpg,78
HyphantriaCunea/24.jpg,78
HyphantriaCunea/25.jpg,78
HyphantriaCunea/26.jpg,78
HyphantriaCunea/27.jpg,78
HyphantriaCunea/28.jpg,78
HyphantriaCunea/29.jpg,78
HyphantriaCunea/3.jpg,78
HyphantriaCunea/30.jpg,78
HyphantriaCunea/31.jpg,78
HyphantriaCunea/32.jpg,78
HyphantriaCunea/33.jpg,78
HyphantriaCunea/34.jpg,78
HyphantriaCunea/35.jpg,78
HyphantriaCunea/36.jpg,78
HyphantriaCunea/37.jpg,78
HyphantriaCunea/4.jpg,78
HyphantriaCunea/5.jpg,78
HyphantriaCunea/6.jpg,78
HyphantriaCunea/7.jpg,78
HyphantriaCunea/8.jpg,78
HyphantriaCunea/9.jpg,78
JacobiascaFormosana/1.jpg,79
JacobiascaFormosana/10.jpg,79
JacobiascaFormosana/11.jpg,79
JacobiascaFormosana/12.jpg,79
JacobiascaFormosana/2.jpg,79
JacobiascaFormosana/3.jpg,79
JacobiascaFormosana/4.jpg,79
JacobiascaFormosana/5.jpg,79
JacobiascaFormosana/6.jpg,79
JacobiascaFormosana/7.jpg,79
JacobiascaFormosana/8.jpg,79
JacobiascaFormosana/9.jpg,79
KnullianaCincta/1.jpg,80
KnullianaCincta/10.jpg,80
KnullianaCincta/11.jpg,80
KnullianaCincta/12.jpg,80
KnullianaCincta/2.jpg,80
KnullianaCincta/3.jpg,80
KnullianaCincta/4.jpg,80
KnullianaCincta/5.jpg,80
KnullianaCincta/6.jpg,80
KnullianaCincta/7.jpg,80
KnullianaCincta/8.jpg,80
KnullianaCincta/9.jpg,80
LampidesBoeticus/1.jpg,81
LampidesBoeticus/10.jpg,81
LampidesBoeticus/11.jpg,81
LampidesBoeticus/12.jpg,81
LampidesBoeticus/13.jpg,81
LampidesBoeticus/2.jpg,81
LampidesBoeticus/3.jpg,81
LampidesBoeticus/4.jpg,81
LampidesBoeticus/5.jpg,81
LampidesBoeticus/6.jpg,81
LampidesBoeticus/7.jpg,81
LampidesBoeticus/8.jpg,81
LampidesBoeticus/9.jpg,81
LatoriaConsociaWalker/1.jpg,82
LatoriaConsociaWalker/10.jpg,82
LatoriaConsociaWalker/11.jpg,82
LatoriaConsociaWalker/12.jpg,82
LatoriaConsociaWalker/13.jpg,82
LatoriaConsociaWalker/14.jpg,82
LatoriaConsociaWalker/15.jpg,82
LatoriaConsociaWalker/16.jpg,82
LatoriaConsociaWalker/17.jpg,82
LatoriaConsociaWalker/18.jpg,82
LatoriaConsociaWalker/19.jpg,82
LatoriaConsociaWalker/2.jpg,82
LatoriaConsociaWalker/3.jpg,82
LatoriaConsociaWalker/4.jpg,82
LatoriaConsociaWalker/5.jpg,82
LatoriaConsociaWalker/6.jpg,82
LatoriaConsociaWalker/7.jpg,82
LatoriaConsociaWalker/8.jpg,82
LatoriaConsociaWalker/9.jpg,82
LethocerusDeyrolliVuillefroy/1.jpg,83
LethocerusDeyrolliVuillefroy/10.jpg,83
LethocerusDeyrolliVuillefroy/11.jpg,83
LethocerusDeyrolliVuillefroy/12.jpg,83
LethocerusDeyrolliVuillefroy/13.jpg,83
LethocerusDeyrolliVuillefroy/14.jpg,83
LethocerusDeyrolliVuillefroy/15.jpg,83
LethocerusDeyrolliVuillefroy/16.jpg,83
LethocerusDeyrolliVuillefroy/17.jpg,83
LethocerusDeyrolliVuillefroy/18.jpg,83
LethocerusDeyrolliVuillefroy/19.jpg,83
LethocerusDeyrolliVuillefroy/2.jpg,83
LethocerusDeyrolliVuillefroy/20.jpg,83
LethocerusDeyrolliVuillefroy/21.jpg,83
LethocerusDeyrolliVuillefroy/22.jpg,83
LethocerusDeyrolliVuillefroy/23.jpg,83
LethocerusDeyrolliVuillefroy/3.jpg,83
LethocerusDeyrolliVuillefroy/4.jpg,83
LethocerusDeyrolliVuillefroy/5.jpg,83
LethocerusDeyrolliVuillefroy/6.jpg,83
LethocerusDeyrolliVuillefroy/7.jpg,83
LethocerusDeyrolliVuillefroy/8.jpg,83
LethocerusDeyrolliVuillefroy/9.jpg,83
LibytheanaCarinenta/1.jpg,84
LibytheanaCarinenta/10.jpg,84
LibytheanaCarinenta/11.jpg,84
LibytheanaCarinenta/12.jpg,84
LibytheanaCarinenta/13.jpg,84
LibytheanaCarinenta/14.jpg,84
LibytheanaCarinenta/15.jpg,84
LibytheanaCarinenta/2.jpg,84
LibytheanaCarinenta/3.jpg,84
LibytheanaCarinenta/4.jpg,84
LibytheanaCarinenta/5.jpg,84
LibytheanaCarinenta/6.jpg,84
LibytheanaCarinenta/7.jpg,84
LibytheanaCarinenta/8.jpg,84
LibytheanaCarinenta/9.jpg,84
ListronotusBonariensis/1.jpg,85
ListronotusBonariensis/2.jpg,85
ListronotusBonariensis/3.jpg,85
ListronotusBonariensis/4.jpg,85
ListronotusBonariensis/5.jpg,85
ListronotusBonariensis/6.jpg,85
ListronotusBonariensis/7.jpg,85
ListronotusBonariensis/8.jpg,85
LocastraMuscosalisWalker/1.jpg,86
LocastraMuscosalisWalker/10.jpg,86
LocastraMuscosalisWalker/11.jpg,86
LocastraMuscosalisWalker/12.jpg,86
LocastraMuscosalisWalker/13.jpg,86
LocastraMuscosalisWalker/14.jpg,86
LocastraMuscosalisWalker/15.jpg,86
LocastraMuscosalisWalker/2.jpg,86
LocastraMuscosalisWalker/3.jpg,86
LocastraMuscosalisWalker/4.jpg,86
LocastraMuscosalisWalker/5.jpg,86
LocastraMuscosalisWalker/6.jpg,86
LocastraMuscosalisWalker/7.jpg,86
LocastraMuscosalisWalker/8.jpg,86
LocastraMuscosalisWalker/9.jpg,86
LoxostegeCereralis/1.jpg,87
LoxostegeCereralis/10.jpg,87
LoxostegeCereralis/11.jpg,87
LoxostegeCereralis/12.jpg,87
LoxostegeCereralis/13.jpg,87
LoxostegeCereralis/14.jpg,87
LoxostegeCereralis/15.jpg,87
LoxostegeCereralis/2.jpg,87
LoxostegeCereralis/3.jpg,87
LoxostegeCereralis/4.jpg,87
LoxostegeCereralis/5.jpg,87
LoxostegeCereralis/6.jpg,87
LoxostegeCereralis/7.jpg,87
LoxostegeCereralis/8.jpg,87
LoxostegeCereralis/9.jpg,87
LycormaDelicatula/1.jpg,88
LycormaDelicatula/10.jpg,88
LycormaDelicatula/11.jpg,88
LycormaDelicatula/12.jpg,88
LycormaDelicatula/13.jpg,88
LycormaDelicatula/14.jpg,88
LycormaDelicatula/15.jpg,88
LycormaDelicatula/16.jpg,88
LycormaDelicatula/17.jpg,88
LycormaDelicatula/18.jpg,88
LycormaDelicatula/19.jpg,88
LycormaDelicatula/2.jpg,88
LycormaDelicatula/20.jpg,88
LycormaDelicatula/21.jpg,88
LycormaDelicatula/22.jpg,88
LycormaDelicatula/23.jpg,88
LycormaDelicatula/24.jpg,88
LycormaDelicatula/25.jpg,88
LycormaDelicatula/3.jpg,88
LycormaDelicatula/4.jpg,88
LycormaDelicatula/5.jpg,88
LycormaDelicatula/6.jpg,88
LycormaDelicatula/7.jpg,88
LycormaDelicatula/8.jpg,88
LycormaDelicatula/9.jpg,88
LymantriaAntennata/1.jpg,89
LymantriaAntennata/10.jpg,89
LymantriaAntennata/11.jpg,89
LymantriaAntennata/12.jpg,89
LymantriaAntennata/13.jpg,89
LymantriaAntennata/14.jpg,89
LymantriaAntennata/15.jpg,89
LymantriaAntennata/16.jpg,89
LymantriaAntennata/17.jpg,89
LymantriaAntennata/18.jpg,89
LymantriaAntennata/19.jpg,89
LymantriaAntennata/2.jpg,89
LymantriaAntennata/20.jpg,89
LymantriaAntennata/21.jpg,89
LymantriaAntennata/22.jpg,89
LymantriaAntennata/3.jpg,89
LymantriaAntennata/4.jpg,89
LymantriaAntennata/5.jpg,89
LymantriaAntennata/6.jpg,89
LymantriaAntennata/7.jpg,89
LymantriaAntennata/8.jpg,89
LymantriaAntennata/9.jpg,89
MacremphytusTarsatus/1.jpg,90
MacremphytusTarsatus/10.jpg,90
MacremphytusTarsatus/11.jpg,90
MacremphytusTarsatus/12.jpg,90
MacremphytusTarsatus/13.jpg,90
MacremphytusTarsatus/14.jpg,90
MacremphytusTarsatus/15.jpg,90
MacremphytusTarsatus/16.jpg,90
MacremphytusTarsatus/17.jpg,90
MacremphytusTarsatus/18.jpg,90
MacremphytusTarsatus/19.jpg,90
MacremphytusTarsatus/2.jpg,90
MacremphytusTarsatus/3.jpg,90
MacremphytusTarsatus/4.jpg,90
MacremphytusTarsatus/5.jpg,90
MacremphytusTarsatus/6.jpg,90
MacremphytusTarsatus/7.jpg,90
MacremphytusTarsatus/8.jpg,90
MacremphytusTarsatus/9.jpg,90
MegopisSinicaSinicaWhite/1.jpg,91
MegopisSinicaSinicaWhite/10.jpg,91
MegopisSinicaSinicaWhite/11.jpg,91
MegopisSinicaSinicaWhite/12.jpg,91
MegopisSinicaSinicaWhite/13.jpg,91
MegopisSinicaSinicaWhite/2.jpg,91
MegopisSinicaSinicaWhite/3.jpg,91
MegopisSinicaSinicaWhite/4.jpg,91
MegopisSinicaSinicaWhite/5.jpg,91
MegopisSinicaSinicaWhite/6.jpg,91
MegopisSinicaSinicaWhite/7.jpg,91
MegopisSinicaSinicaWhite/8.jpg,91
MegopisSinicaSinicaWhite/9.jpg,91
MiltochristaStriata/1.jpg,92
MiltochristaStriata/10.jpg,92
MiltochristaStriata/11.jpg,92
MiltochristaStriata/12.jpg,92
MiltochristaStriata/13.jpg,92
MiltochristaStriata/14.jpg,92
MiltochristaStriata/15.jpg,92
MiltochristaStriata/16.jpg,92
MiltochristaStriata/17.jpg,92
MiltochristaStriata/18.jpg,92
MiltochristaStriata/19.jpg,92
MiltochristaStriata/2.jpg,92
MiltochristaStriata/20.jpg,92
MiltochristaStriata/3.jpg,92
MiltochristaStriata/4.jpg,92
MiltochristaStriata/5.jpg,92
MiltochristaStriata/6.jpg,92
MiltochristaStriata/7.jpg,92
MiltochristaStriata/8.jpg,92
MiltochristaStriata/9.jpg,92
MonochamusAlternatusHope/1.jpg,93
MonochamusAlternatusHope/10.jpg,93
MonochamusAlternatusHope/11.jpg,93
MonochamusAlternatusHope/12.jpg,93
MonochamusAlternatusHope/13.jpg,93
MonochamusAlternatusHope/14.jpg,93
MonochamusAlternatusHope/15.jpg,93
MonochamusAlternatusHope/2.jpg,93
MonochamusAlternatusHope/3.jpg,93
MonochamusAlternatusHope/4.jpg,93
MonochamusAlternatusHope/5.jpg,93
MonochamusAlternatusHope/6.jpg,93
MonochamusAlternatusHope/7.jpg,93
MonochamusAlternatusHope/8.jpg,93
MonochamusAlternatusHope/9.jpg,93
MyoplatypusFlavicornis/1.jpg,94
MyoplatypusFlavicornis/10.jpg,94
MyoplatypusFlavicornis/11.jpg,94
MyoplatypusFlavicornis/12.jpg,94
MyoplatypusFlavicornis/13.jpg,94
MyoplatypusFlavicornis/14.jpg,94
MyoplatypusFlavicornis/15.jpg,94
MyoplatypusFlavicornis/16.jpg,94
MyoplatypusFlavicornis/17.jpg,94
MyoplatypusFlavicornis/18.jpg,94
MyoplatypusFlavicornis/19.jpg,94
MyoplatypusFlavicornis/2.jpg,94
MyoplatypusFlavicornis/20.jpg,94
MyoplatypusFlavicornis/21.jpg,94
MyoplatypusFlavicornis/22.jpg,94
MyoplatypusFlavicornis/23.jpg,94
MyoplatypusFlavicornis/24.jpg,94
MyoplatypusFlavicornis/3.jpg,94
MyoplatypusFlavicornis/4.jpg,94
MyoplatypusFlavicornis/5.jpg,94
MyoplatypusFlavicornis/6.jpg,94
MyoplatypusFlavicornis/7.jpg,94
MyoplatypusFlavicornis/8.jpg,94
MyoplatypusFlavicornis/9.jpg,94
MythimnaUnipuncta/1.jpg,95
MythimnaUnipuncta/10.jpg,95
MythimnaUnipuncta/11.jpg,95
MythimnaUnipuncta/12.jpg,95
MythimnaUnipuncta/13.jpg,95
MythimnaUnipuncta/14.jpg,95
MythimnaUnipuncta/15.jpg,95
MythimnaUnipuncta/16.jpg,95
MythimnaUnipuncta/17.jpg,95
MythimnaUnipuncta/18.jpg,95
MythimnaUnipuncta/19.jpg,95
MythimnaUnipuncta/2.jpg,95
MythimnaUnipuncta/3.jpg,95
MythimnaUnipuncta/4.jpg,95
MythimnaUnipuncta/5.jpg,95
MythimnaUnipuncta/6.jpg,95
MythimnaUnipuncta/7.jpg,95
MythimnaUnipuncta/8.jpg,95
MythimnaUnipuncta/9.jpg,95
NeoclytusCaprea/1.jpg,96
NeoclytusCaprea/10.jpg,96
NeoclytusCaprea/11.jpg,96
NeoclytusCaprea/12.jpg,96
NeoclytusCaprea/13.jpg,96
NeoclytusCaprea/14.jpg,96
NeoclytusCaprea/15.jpg,96
NeoclytusCaprea/16.jpg,96
NeoclytusCaprea/2.jpg,96
NeoclytusCaprea/3.jpg,96
NeoclytusCaprea/4.jpg,96
NeoclytusCaprea/5.jpg,96
NeoclytusCaprea/6.jpg,96
NeoclytusCaprea/7.jpg,96
NeoclytusCaprea/8.jpg,96
NeoclytusCaprea/9.jpg,96
Ophthalmitisirrorataria/1.jpg,97
Ophthalmitisirrorataria/10.jpg,97
Ophthalmitisirrorataria/11.jpg,97
Ophthalmitisirrorataria/12.jpg,97
Ophthalmitisirrorataria/13.jpg,97
Ophthalmitisirrorataria/14.jpg,97
Ophthalmitisirrorataria/15.jpg,97
Ophthalmitisirrorataria/16.jpg,97
Ophthalmitisirrorataria/17.jpg,97
Ophthalmitisirrorataria/2.jpg,97
Ophthalmitisirrorataria/3.jpg,97
Ophthalmitisirrorataria/4.jpg,97
Ophthalmitisirrorataria/5.jpg,97
Ophthalmitisirrorataria/6.jpg,97
Ophthalmitisirrorataria/7.jpg,97
Ophthalmitisirrorataria/8.jpg,97
Ophthalmitisirrorataria/9.jpg,97
OrthagaAchatina/1.jpg,98
OrthagaAchatina/2.jpg,98
OrthagaAchatina/3.jpg,98
OrthagaAchatina/4.jpg,98
OrthagaAchatina/5.jpg,98
OrthagaAchatina/6.jpg,98
OrthagaAchatina/7.jpg,98
OrthagaAchatina/8.jpg,98
OrthagaAchatina/9.jpg,98
PapilioBianorCramer/1.jpg,99
PapilioBianorCramer/10.jpg,99
PapilioBianorCramer/11.jpg,99
PapilioBianorCramer/12.jpg,99
PapilioBianorCramer/13.jpg,99
PapilioBianorCramer/14.jpg,99
PapilioBianorCramer/15.jpg,99
PapilioBianorCramer/16.jpg,99
PapilioBianorCramer/17.jpg,99
PapilioBianorCramer/18.jpg,99
PapilioBianorCramer/19.jpg,99
PapilioBianorCramer/2.jpg,99
PapilioBianorCramer/20.jpg,99
PapilioBianorCramer/21.jpg,99
PapilioBianorCramer/22.jpg,99
PapilioBianorCramer/23.jpg,99
PapilioBianorCramer/24.jpg,99
PapilioBianorCramer/25.jpg,99
PapilioBianorCramer/26.jpg,99
PapilioBianorCramer/27.jpg,99
PapilioBianorCramer/28.jpg,99
PapilioBianorCramer/29.jpg,99
PapilioBianorCramer/3.jpg,99
PapilioBianorCramer/30.jpg,99
PapilioBianorCramer/4.jpg,99
PapilioBianorCramer/5.jpg,99
PapilioBianorCramer/6.jpg,99
PapilioBianorCramer/7.jpg,99
PapilioBianorCramer/8.jpg,99
PapilioBianorCramer/9.jpg,99
PapilioMachaonLinnaeus/1.jpg,100
PapilioMachaonLinnaeus/10.jpg,100
PapilioMachaonLinnaeus/11.jpg,100
PapilioMachaonLinnaeus/12.jpg,100
PapilioMachaonLinnaeus/13.jpg,100
PapilioMachaonLinnaeus/14.jpg,100
PapilioMachaonLinnaeus/15.jpg,100
PapilioMachaonLinnaeus/16.jpg,100
PapilioMachaonLinnaeus/17.jpg,100
PapilioMachaonLinnaeus/18.jpg,100
PapilioMachaonLinnaeus/19.jpg,100
PapilioMachaonLinnaeus/2.jpg,100
PapilioMachaonLinnaeus/20.jpg,100
PapilioMachaonLinnaeus/21.jpg,100
PapilioMachaonLinnaeus/22.jpg,100
PapilioMachaonLinnaeus/23.jpg,100
PapilioMachaonLinnaeus/24.jpg,100
PapilioMachaonLinnaeus/25.jpg,100
PapilioMachaonLinnaeus/26.jpg,100
PapilioMachaonLinnaeus/27.jpg,100
PapilioMachaonLinnaeus/28.jpg,100
PapilioMachaonLinnaeus/29.jpg,100
PapilioMachaonLinnaeus/3.jpg,100
PapilioMachaonLinnaeus/30.jpg,100
PapilioMachaonLinnaeus/31.jpg,100
PapilioMachaonLinnaeus/32.jpg,100
PapilioMachaonLinnaeus/33.jpg,100
PapilioMachaonLinnaeus/34.jpg,100
PapilioMachaonLinnaeus/4.jpg,100
PapilioMachaonLinnaeus/5.jpg,100
PapilioMachaonLinnaeus/6.jpg,100
PapilioMachaonLinnaeus/7.jpg,100
PapilioMachaonLinnaeus/8.jpg,100
PapilioMachaonLinnaeus/9.jpg,100
PapilioPolytesLinnaeus/1.jpg,101
PapilioPolytesLinnaeus/10.jpg,101
PapilioPolytesLinnaeus/11.jpg,101
PapilioPolytesLinnaeus/12.jpg,101
PapilioPolytesLinnaeus/13.jpg,101
PapilioPolytesLinnaeus/14.jpg,101
PapilioPolytesLinnaeus/15.jpg,101
PapilioPolytesLinnaeus/16.jpg,101
PapilioPolytesLinnaeus/17.jpg,101
PapilioPolytesLinnaeus/18.jpg,101
PapilioPolytesLinnaeus/19.jpg,101
PapilioPolytesLinnaeus/2.jpg,101
PapilioPolytesLinnaeus/20.jpg,101
PapilioPolytesLinnaeus/21.jpg,101
PapilioPolytesLinnaeus/22.jpg,101
PapilioPolytesLinnaeus/23.jpg,101
PapilioPolytesLinnaeus/24.jpg,101
PapilioPolytesLinnaeus/25.jpg,101
PapilioPolytesLinnaeus/26.jpg,101
PapilioPolytesLinnaeus/27.jpg,101
PapilioPolytesLinnaeus/28.jpg,101
PapilioPolytesLinnaeus/29.jpg,101
PapilioPolytesLinnaeus/3.jpg,101
PapilioPolytesLinnaeus/30.jpg,101
PapilioPolytesLinnaeus/4.jpg,101
PapilioPolytesLinnaeus/5.jpg,101
PapilioPolytesLinnaeus/6.jpg,101
PapilioPolytesLinnaeus/7.jpg,101
PapilioPolytesLinnaeus/8.jpg,101
PapilioPolytesLinnaeus/9.jpg,101
PapilioPolyxenes/1.jpg,102
PapilioPolyxenes/10.jpg,102
PapilioPolyxenes/11.jpg,102
PapilioPolyxenes/12.jpg,102
PapilioPolyxenes/13.jpg,102
PapilioPolyxenes/14.jpg,102
PapilioPolyxenes/15.jpg,102
PapilioPolyxenes/16.jpg,102
PapilioPolyxenes/17.jpg,102
PapilioPolyxenes/18.jpg,102
PapilioPolyxenes/19.jpg,102
PapilioPolyxenes/2.jpg,102
PapilioPolyxenes/20.jpg,102
PapilioPolyxenes/21.jpg,102
PapilioPolyxenes/22.jpg,102
PapilioPolyxenes/23.jpg,102
PapilioPolyxenes/3.jpg,102
PapilioPolyxenes/4.jpg,102
PapilioPolyxenes/5.jpg,102
PapilioPolyxenes/6.jpg,102
PapilioPolyxenes/7.jpg,102
PapilioPolyxenes/8.jpg,102
PapilioPolyxenes/9.jpg,102
PapilioProtenorCramer/1.jpg,103
PapilioProtenorCramer/10.jpg,103
PapilioProtenorCramer/11.jpg,103
PapilioProtenorCramer/12.jpg,103
PapilioProtenorCramer/13.jpg,103
PapilioProtenorCramer/14.jpg,103
PapilioProtenorCramer/15.jpg,103
PapilioProtenorCramer/16.jpg,103
PapilioProtenorCramer/17.jpg,103
PapilioProtenorCramer/18.jpg,103
PapilioProtenorCramer/19.jpg,103
PapilioProtenorCramer/2.jpg,103
PapilioProtenorCramer/20.jpg,103
PapilioProtenorCramer/21.jpg,103
PapilioProtenorCramer/22.jpg,103
PapilioProtenorCramer/23.jpg,103
PapilioProtenorCramer/24.jpg,103
PapilioProtenorCramer/25.jpg,103
PapilioProtenorCramer/26.jpg,103
PapilioProtenorCramer/27.jpg,103
PapilioProtenorCramer/28.jpg,103
PapilioProtenorCramer/29.jpg,103
PapilioProtenorCramer/3.jpg,103
PapilioProtenorCramer/30.jpg,103
PapilioProtenorCramer/31.jpg,103
PapilioProtenorCramer/32.jpg,103
PapilioProtenorCramer/4.jpg,103
PapilioProtenorCramer/5.jpg,103
PapilioProtenorCramer/6.jpg,103
PapilioProtenorCramer/7.jpg,103
PapilioProtenorCramer/8.jpg,103
PapilioProtenorCramer/9.jpg,103
PapilioXuthusLinnaeus/1.jpg,104
PapilioXuthusLinnaeus/10.jpg,104
PapilioXuthusLinnaeus/11.jpg,104
PapilioXuthusLinnaeus/12.jpg,104
PapilioXuthusLinnaeus/13.jpg,104
PapilioXuthusLinnaeus/14.jpg,104
PapilioXuthusLinnaeus/15.jpg,104
PapilioXuthusLinnaeus/16.jpg,104
PapilioXuthusLinnaeus/17.jpg,104
PapilioXuthusLinnaeus/18.jpg,104
PapilioXuthusLinnaeus/19.jpg,104
PapilioXuthusLinnaeus/2.jpg,104
PapilioXuthusLinnaeus/20.jpg,104
PapilioXuthusLinnaeus/21.jpg,104
PapilioXuthusLinnaeus/22.jpg,104
PapilioXuthusLinnaeus/23.jpg,104
PapilioXuthusLinnaeus/24.jpg,104
PapilioXuthusLinnaeus/25.jpg,104
PapilioXuthusLinnaeus/26.jpg,104
PapilioXuthusLinnaeus/27.jpg,104
PapilioXuthusLinnaeus/28.jpg,104
PapilioXuthusLinnaeus/29.jpg,104
PapilioXuthusLinnaeus/3.jpg,104
PapilioXuthusLinnaeus/30.jpg,104
PapilioXuthusLinnaeus/31.jpg,104
PapilioXuthusLinnaeus/32.jpg,104
PapilioXuthusLinnaeus/33.jpg,104
PapilioXuthusLinnaeus/34.jpg,104
PapilioXuthusLinnaeus/35.jpg,104
PapilioXuthusLinnaeus/36.jpg,104
PapilioXuthusLinnaeus/4.jpg,104
PapilioXuthusLinnaeus/5.jpg,104
PapilioXuthusLinnaeus/6.jpg,104
PapilioXuthusLinnaeus/7.jpg,104
PapilioXuthusLinnaeus/8.jpg,104
PapilioXuthusLinnaeus/9.jpg,104
ParocneriaFurva/1.jpg,105
ParocneriaFurva/10.jpg,105
ParocneriaFurva/2.jpg,105
ParocneriaFurva/3.jpg,105
ParocneriaFurva/4.jpg,105
ParocneriaFurva/5.jpg,105
ParocneriaFurva/6.jpg,105
ParocneriaFurva/7.jpg,105
ParocneriaFurva/8.jpg,105
ParocneriaFurva/9.jpg,105
PergesaElpenorlewisi/1.jpg,106
PergesaElpenorlewisi/10.jpg,106
PergesaElpenorlewisi/11.jpg,106
PergesaElpenorlewisi/12.jpg,106
PergesaElpenorlewisi/2.jpg,106
PergesaElpenorlewisi/3.jpg,106
PergesaElpenorlewisi/4.jpg,106
PergesaElpenorlewisi/5.jpg,106
PergesaElpenorlewisi/6.jpg,106
PergesaElpenorlewisi/7.jpg,106
PergesaElpenorlewisi/8.jpg,106
PergesaElpenorlewisi/9.jpg,106
PhobetronPithecium/1.jpg,107
PhobetronPithecium/10.jpg,107
PhobetronPithecium/11.jpg,107
PhobetronPithecium/12.jpg,107
PhobetronPithecium/13.jpg,107
PhobetronPithecium/14.jpg,107
PhobetronPithecium/15.jpg,107
PhobetronPithecium/16.jpg,107
PhobetronPithecium/17.jpg,107
PhobetronPithecium/18.jpg,107
PhobetronPithecium/2.jpg,107
PhobetronPithecium/3.jpg,107
PhobetronPithecium/4.jpg,107
PhobetronPithecium/5.jpg,107
PhobetronPithecium/6.jpg,107
PhobetronPithecium/7.jpg,107
PhobetronPithecium/8.jpg,107
PhobetronPithecium/9.jpg,107
PidorusAtratusButter/1.jpg,108
PidorusAtratusButter/10.jpg,108
PidorusAtratusButter/11.jpg,108
PidorusAtratusButter/12.jpg,108
PidorusAtratusButter/13.jpg,108
PidorusAtratusButter/14.jpg,108
PidorusAtratusButter/15.jpg,108
PidorusAtratusButter/16.jpg,108
PidorusAtratusButter/17.jpg,108
PidorusAtratusButter/18.jpg,108
PidorusAtratusButter/2.jpg,108
PidorusAtratusButter/3.jpg,108
PidorusAtratusButter/4.jpg,108
PidorusAtratusButter/5.jpg,108
PidorusAtratusButter/6.jpg,108
PidorusAtratusButter/7.jpg,108
PidorusAtratusButter/8.jpg,108
PidorusAtratusButter/9.jpg,108
PierisRapae/1.jpg,109
PierisRapae/10.jpg,109
PierisRapae/11.jpg,109
PierisRapae/12.jpg,109
PierisRapae/13.jpg,109
PierisRapae/14.jpg,109
PierisRapae/15.jpg,109
PierisRapae/16.jpg,109
PierisRapae/17.jpg,109
PierisRapae/18.jpg,109
PierisRapae/19.jpg,109
PierisRapae/2.jpg,109
PierisRapae/20.jpg,109
PierisRapae/21.jpg,109
PierisRapae/22.jpg,109
PierisRapae/23.jpg,109
PierisRapae/24.jpg,109
PierisRapae/25.jpg,109
PierisRapae/26.jpg,109
PierisRapae/27.jpg,109
PierisRapae/28.jpg,109
PierisRapae/29.jpg,109
PierisRapae/3.jpg,109
PierisRapae/30.jpg,109
PierisRapae/4.jpg,109
PierisRapae/5.jpg,109
PierisRapae/6.jpg,109
PierisRapae/7.jpg,109
PierisRapae/8.jpg,109
PierisRapae/9.jpg,109
PlagioderaVersicolora/1.jpg,110
PlagioderaVersicolora/10.jpg,110
PlagioderaVersicolora/11.jpg,110
PlagioderaVersicolora/12.jpg,110
PlagioderaVersicolora/2.jpg,110
PlagioderaVersicolora/3.jpg,110
PlagioderaVersicolora/4.jpg,110
PlagioderaVersicolora/5.jpg,110
PlagioderaVersicolora/6.jpg,110
PlagioderaVersicolora/7.jpg,110
PlagioderaVersicolora/8.jpg,110
PlagioderaVersicolora/9.jpg,110
PlatypleuraKaempferi/1.jpg,111
PlatypleuraKaempferi/10.jpg,111
PlatypleuraKaempferi/11.jpg,111
PlatypleuraKaempferi/12.jpg,111
PlatypleuraKaempferi/13.jpg,111
PlatypleuraKaempferi/14.jpg,111
PlatypleuraKaempferi/15.jpg,111
PlatypleuraKaempferi/16.jpg,111
PlatypleuraKaempferi/17.jpg,111
PlatypleuraKaempferi/18.jpg,111
PlatypleuraKaempferi/19.jpg,111
PlatypleuraKaempferi/2.jpg,111
PlatypleuraKaempferi/20.jpg,111
PlatypleuraKaempferi/3.jpg,111
PlatypleuraKaempferi/4.jpg,111
PlatypleuraKaempferi/5.jpg,111
PlatypleuraKaempferi/6.jpg,111
PlatypleuraKaempferi/7.jpg,111
PlatypleuraKaempferi/8.jpg,111
PlatypleuraKaempferi/9.jpg,111
PlinachtusBicoloripesScott/1.jpg,112
PlinachtusBicoloripesScott/10.jpg,112
PlinachtusBicoloripesScott/11.jpg,112
PlinachtusBicoloripesScott/12.jpg,112
PlinachtusBicoloripesScott/13.jpg,112
PlinachtusBicoloripesScott/2.jpg,112
PlinachtusBicoloripesScott/3.jpg,112
PlinachtusBicoloripesScott/4.jpg,112
PlinachtusBicoloripesScott/5.jpg,112
PlinachtusBicoloripesScott/6.jpg,112
PlinachtusBicoloripesScott/7.jpg,112
PlinachtusBicoloripesScott/8.jpg,112
PlinachtusBicoloripesScott/9.jpg,112
PlinachtusDissimilis/1.jpg,113
PlinachtusDissimilis/10.jpg,113
PlinachtusDissimilis/2.jpg,113
PlinachtusDissimilis/3.jpg,113
PlinachtusDissimilis/4.jpg,113
PlinachtusDissimilis/5.jpg,113
PlinachtusDissimilis/6.jpg,113
PlinachtusDissimilis/7.jpg,113
PlinachtusDissimilis/8.jpg,113
PlinachtusDissimilis/9.jpg,113
PolygoniaCaureum/1.jpg,114
PolygoniaCaureum/10.jpg,114
PolygoniaCaureum/11.jpg,114
PolygoniaCaureum/12.jpg,114
PolygoniaCaureum/13.jpg,114
PolygoniaCaureum/14.jpg,114
PolygoniaCaureum/15.jpg,114
PolygoniaCaureum/16.jpg,114
PolygoniaCaureum/17.jpg,114
PolygoniaCaureum/18.jpg,114
PolygoniaCaureum/19.jpg,114
PolygoniaCaureum/2.jpg,114
PolygoniaCaureum/20.jpg,114
PolygoniaCaureum/21.jpg,114
PolygoniaCaureum/22.jpg,114
PolygoniaCaureum/23.jpg,114
PolygoniaCaureum/24.jpg,114
PolygoniaCaureum/25.jpg,114
PolygoniaCaureum/26.jpg,114
PolygoniaCaureum/27.jpg,114
PolygoniaCaureum/28.jpg,114
PolygoniaCaureum/29.jpg,114
PolygoniaCaureum/3.jpg,114
PolygoniaCaureum/30.jpg,114
PolygoniaCaureum/4.jpg,114
PolygoniaCaureum/5.jpg,114
PolygoniaCaureum/6.jpg,114
PolygoniaCaureum/7.jpg,114
PolygoniaCaureum/8.jpg,114
PolygoniaCaureum/9.jpg,114
PolyuraNarcaeaHewitson/1.jpg,115
PolyuraNarcaeaHewitson/10.jpg,115
PolyuraNarcaeaHewitson/11.jpg,115
PolyuraNarcaeaHewitson/12.jpg,115
PolyuraNarcaeaHewitson/13.jpg,115
PolyuraNarcaeaHewitson/14.jpg,115
PolyuraNarcaeaHewitson/15.jpg,115
PolyuraNarcaeaHewitson/16.jpg,115
PolyuraNarcaeaHewitson/17.jpg,115
PolyuraNarcaeaHewitson/18.jpg,115
PolyuraNarcaeaHewitson/19.jpg,115
PolyuraNarcaeaHewitson/2.jpg,115
PolyuraNarcaeaHewitson/20.jpg,115
PolyuraNarcaeaHewitson/21.jpg,115
PolyuraNarcaeaHewitson/22.jpg,115
PolyuraNarcaeaHewitson/23.jpg,115
PolyuraNarcaeaHewitson/24.jpg,115
PolyuraNarcaeaHewitson/25.jpg,115
PolyuraNarcaeaHewitson/26.jpg,115
PolyuraNarcaeaHewitson/27.jpg,115
PolyuraNarcaeaHewitson/3.jpg,115
PolyuraNarcaeaHewitson/4.jpg,115
PolyuraNarcaeaHewitson/5.jpg,115
PolyuraNarcaeaHewitson/6.jpg,115
PolyuraNarcaeaHewitson/7.jpg,115
PolyuraNarcaeaHewitson/8.jpg,115
PolyuraNarcaeaHewitson/9.jpg,115
PorthesiaSimilis/1.jpg,116
PorthesiaSimilis/10.jpg,116
PorthesiaSimilis/2.jpg,116
PorthesiaSimilis/3.jpg,116
PorthesiaSimilis/4.jpg,116
PorthesiaSimilis/5.jpg,116
PorthesiaSimilis/6.jpg,116
PorthesiaSimilis/7.jpg,116
PorthesiaSimilis/8.jpg,116
PorthesiaSimilis/9.jpg,116
ProdeniaLitura/1.jpg,117
ProdeniaLitura/10.jpg,117
ProdeniaLitura/11.jpg,117
ProdeniaLitura/12.jpg,117
ProdeniaLitura/13.jpg,117
ProdeniaLitura/14.jpg,117
ProdeniaLitura/15.jpg,117
ProdeniaLitura/16.jpg,117
ProdeniaLitura/17.jpg,117
ProdeniaLitura/18.jpg,117
ProdeniaLitura/2.jpg,117
ProdeniaLitura/3.jpg,117
ProdeniaLitura/4.jpg,117
ProdeniaLitura/5.jpg,117
ProdeniaLitura/6.jpg,117
ProdeniaLitura/7.jpg,117
ProdeniaLitura/8.jpg,117
ProdeniaLitura/9.jpg,117
ProtaetiaBrevitarsisLewis/1.jpg,118
ProtaetiaBrevitarsisLewis/10.jpg,118
ProtaetiaBrevitarsisLewis/11.jpg,118
ProtaetiaBrevitarsisLewis/12.jpg,118
ProtaetiaBrevitarsisLewis/13.jpg,118
ProtaetiaBrevitarsisLewis/14.jpg,118
ProtaetiaBrevitarsisLewis/15.jpg,118
ProtaetiaBrevitarsisLewis/16.jpg,118
ProtaetiaBrevitarsisLewis/17.jpg,118
ProtaetiaBrevitarsisLewis/18.jpg,118
ProtaetiaBrevitarsisLewis/19.jpg,118
ProtaetiaBrevitarsisLewis/2.jpg,118
ProtaetiaBrevitarsisLewis/20.jpg,118
ProtaetiaBrevitarsisLewis/3.jpg,118
ProtaetiaBrevitarsisLewis/4.jpg,118
ProtaetiaBrevitarsisLewis/5.jpg,118
ProtaetiaBrevitarsisLewis/6.jpg,118
ProtaetiaBrevitarsisLewis/7.jpg,118
ProtaetiaBrevitarsisLewis/8.jpg,118
ProtaetiaBrevitarsisLewis/9.jpg,118
PsilogrammaMenephron/1.jpg,119
PsilogrammaMenephron/10.jpg,119
PsilogrammaMenephron/11.jpg,119
PsilogrammaMenephron/2.jpg,119
PsilogrammaMenephron/3.jpg,119
PsilogrammaMenephron/4.jpg,119
PsilogrammaMenephron/5.jpg,119
PsilogrammaMenephron/6.jpg,119
PsilogrammaMenephron/7.jpg,119
PsilogrammaMenephron/8.jpg,119
PsilogrammaMenephron/9.jpg,119
RicaniaSublimata/1.jpg,120
RicaniaSublimata/10.jpg,120
RicaniaSublimata/11.jpg,120
RicaniaSublimata/12.jpg,120
RicaniaSublimata/13.jpg,120
RicaniaSublimata/14.jpg,120
RicaniaSublimata/15.jpg,120
RicaniaSublimata/16.jpg,120
RicaniaSublimata/17.jpg,120
RicaniaSublimata/18.jpg,120
RicaniaSublimata/19.jpg,120
RicaniaSublimata/2.jpg,120
RicaniaSublimata/20.jpg,120
RicaniaSublimata/21.jpg,120
RicaniaSublimata/22.jpg,120
RicaniaSublimata/3.jpg,120
RicaniaSublimata/4.jpg,120
RicaniaSublimata/5.jpg,120
RicaniaSublimata/6.jpg,120
RicaniaSublimata/7.jpg,120
RicaniaSublimata/8.jpg,120
RicaniaSublimata/9.jpg,120
RiptortusPedestris/1.jpg,121
RiptortusPedestris/10.jpg,121
RiptortusPedestris/11.jpg,121
RiptortusPedestris/12.jpg,121
RiptortusPedestris/13.jpg,121
RiptortusPedestris/14.jpg,121
RiptortusPedestris/15.jpg,121
RiptortusPedestris/16.jpg,121
RiptortusPedestris/17.jpg,121
RiptortusPedestris/2.jpg,121
RiptortusPedestris/3.jpg,121
RiptortusPedestris/4.jpg,121
RiptortusPedestris/5.jpg,121
RiptortusPedestris/6.jpg,121
RiptortusPedestris/7.jpg,121
RiptortusPedestris/8.jpg,121
RiptortusPedestris/9.jpg,121
RosaliaFunebris/1.jpg,122
RosaliaFunebris/10.jpg,122
RosaliaFunebris/11.jpg,122
RosaliaFunebris/2.jpg,122
RosaliaFunebris/3.jpg,122
RosaliaFunebris/4.jpg,122
RosaliaFunebris/5.jpg,122
RosaliaFunebris/6.jpg,122
RosaliaFunebris/7.jpg,122
RosaliaFunebris/8.jpg,122
RosaliaFunebris/9.jpg,122
SchistocercaAmericana/1.jpg,123
SchistocercaAmericana/10.jpg,123
SchistocercaAmericana/11.jpg,123
SchistocercaAmericana/12.jpg,123
SchistocercaAmericana/2.jpg,123
SchistocercaAmericana/3.jpg,123
SchistocercaAmericana/4.jpg,123
SchistocercaAmericana/5.jpg,123
SchistocercaAmericana/6.jpg,123
SchistocercaAmericana/7.jpg,123
SchistocercaAmericana/8.jpg,123
SchistocercaAmericana/9.jpg,123
SemanotusBifasciatusBifasciatus/1.jpg,124
SemanotusBifasciatusBifasciatus/10.jpg,124
SemanotusBifasciatusBifasciatus/2.jpg,124
SemanotusBifasciatusBifasciatus/3.jpg,124
SemanotusBifasciatusBifasciatus/4.jpg,124
SemanotusBifasciatusBifasciatus/5.jpg,124
SemanotusBifasciatusBifasciatus/6.jpg,124
SemanotusBifasciatusBifasciatus/7.jpg,124
SemanotusBifasciatusBifasciatus/8.jpg,124
SemanotusBifasciatusBifasciatus/9.jpg,124
SericinusMontelusGrey/1.jpg,125
SericinusMontelusGrey/10.jpg,125
SericinusMontelusGrey/11.jpg,125
SericinusMontelusGrey/12.jpg,125
SericinusMontelusGrey/13.jpg,125
SericinusMontelusGrey/14.jpg,125
SericinusMontelusGrey/15.jpg,125
SericinusMontelusGrey/16.jpg,125
SericinusMontelusGrey/17.jpg,125
SericinusMontelusGrey/18.jpg,125
SericinusMontelusGrey/19.jpg,125
SericinusMontelusGrey/2.jpg,125
SericinusMontelusGrey/20.jpg,125
SericinusMontelusGrey/21.jpg,125
SericinusMontelusGrey/22.jpg,125
SericinusMontelusGrey/23.jpg,125
SericinusMontelusGrey/24.jpg,125
SericinusMontelusGrey/25.jpg,125
SericinusMontelusGrey/26.jpg,125
SericinusMontelusGrey/27.jpg,125
SericinusMontelusGrey/28.jpg,125
SericinusMontelusGrey/29.jpg,125
SericinusMontelusGrey/3.jpg,125
SericinusMontelusGrey/30.jpg,125
SericinusMontelusGrey/31.jpg,125
SericinusMontelusGrey/32.jpg,125
SericinusMontelusGrey/33.jpg,125
SericinusMontelusGrey/34.jpg,125
SericinusMontelusGrey/35.jpg,125
SericinusMontelusGrey/36.jpg,125
SericinusMontelusGrey/37.jpg,125
SericinusMontelusGrey/38.jpg,125
SericinusMontelusGrey/4.jpg,125
SericinusMontelusGrey/5.jpg,125
SericinusMontelusGrey/6.jpg,125
SericinusMontelusGrey/7.jpg,125
SericinusMontelusGrey/8.jpg,125
SericinusMontelusGrey/9.jpg,125
SinnaExtrema/1.jpg,126
SinnaExtrema/10.jpg,126
SinnaExtrema/11.jpg,126
SinnaExtrema/12.jpg,126
SinnaExtrema/2.jpg,126
SinnaExtrema/3.jpg,126
SinnaExtrema/4.jpg,126
SinnaExtrema/5.jpg,126
SinnaExtrema/6.jpg,126
SinnaExtrema/7.jpg,126
SinnaExtrema/8.jpg,126
SinnaExtrema/9.jpg,126
SpeiredoniaRetorta/1.jpg,127
SpeiredoniaRetorta/10.jpg,127
SpeiredoniaRetorta/11.jpg,127
SpeiredoniaRetorta/12.jpg,127
SpeiredoniaRetorta/13.jpg,127
SpeiredoniaRetorta/14.jpg,127
SpeiredoniaRetorta/2.jpg,127
SpeiredoniaRetorta/3.jpg,127
SpeiredoniaRetorta/4.jpg,127
SpeiredoniaRetorta/5.jpg,127
SpeiredoniaRetorta/6.jpg,127
SpeiredoniaRetorta/7.jpg,127
SpeiredoniaRetorta/8.jpg,127
SpeiredoniaRetorta/9.jpg,127
SpilarctiaRobusta/1.jpg,128
SpilarctiaRobusta/10.jpg,128
SpilarctiaRobusta/11.jpg,128
SpilarctiaRobusta/12.jpg,128
SpilarctiaRobusta/13.jpg,128
SpilarctiaRobusta/14.jpg,128
SpilarctiaRobusta/15.jpg,128
SpilarctiaRobusta/16.jpg,128
SpilarctiaRobusta/17.jpg,128
SpilarctiaRobusta/18.jpg,128
SpilarctiaRobusta/19.jpg,128
SpilarctiaRobusta/2.jpg,128
SpilarctiaRobusta/3.jpg,128
SpilarctiaRobusta/4.jpg,128
SpilarctiaRobusta/5.jpg,128
SpilarctiaRobusta/6.jpg,128
SpilarctiaRobusta/7.jpg,128
SpilarctiaRobusta/8.jpg,128
SpilarctiaRobusta/9.jpg,128
SpilarctiaSubcarnea/1.jpg,129
SpilarctiaSubcarnea/10.jpg,129
SpilarctiaSubcarnea/11.jpg,129
SpilarctiaSubcarnea/12.jpg,129
SpilarctiaSubcarnea/13.jpg,129
SpilarctiaSubcarnea/14.jpg,129
SpilarctiaSubcarnea/15.jpg,129
SpilarctiaSubcarnea/16.jpg,129
SpilarctiaSubcarnea/17.jpg,129
SpilarctiaSubcarnea/18.jpg,129
SpilarctiaSubcarnea/19.jpg,129
SpilarctiaSubcarnea/2.jpg,129
SpilarctiaSubcarnea/20.jpg,129
SpilarctiaSubcarnea/21.jpg,129
SpilarctiaSubcarnea/22.jpg,129
SpilarctiaSubcarnea/23.jpg,129
SpilarctiaSubcarnea/24.jpg,129
SpilarctiaSubcarnea/25.jpg,129
SpilarctiaSubcarnea/26.jpg,129
SpilarctiaSubcarnea/27.jpg,129
SpilarctiaSubcarnea/28.jpg,129
SpilarctiaSubcarnea/29.jpg,129
SpilarctiaSubcarnea/3.jpg,129
SpilarctiaSubcarnea/4.jpg,129
SpilarctiaSubcarnea/5.jpg,129
SpilarctiaSubcarnea/6.jpg,129
SpilarctiaSubcarnea/7.jpg,129
SpilarctiaSubcarnea/8.jpg,129
SpilarctiaSubcarnea/9.jpg,129
SpilosomaCongrua/1.jpg,130
SpilosomaCongrua/10.jpg,130
SpilosomaCongrua/11.jpg,130
SpilosomaCongrua/2.jpg,130
SpilosomaCongrua/3.jpg,130
SpilosomaCongrua/4.jpg,130
SpilosomaCongrua/5.jpg,130
SpilosomaCongrua/6.jpg,130
SpilosomaCongrua/7.jpg,130
SpilosomaCongrua/8.jpg,130
SpilosomaCongrua/9.jpg,130
StereonychusFraxini/1.jpg,131
StereonychusFraxini/10.jpg,131
StereonychusFraxini/11.jpg,131
StereonychusFraxini/12.jpg,131
StereonychusFraxini/2.jpg,131
StereonychusFraxini/3.jpg,131
StereonychusFraxini/4.jpg,131
StereonychusFraxini/5.jpg,131
StereonychusFraxini/6.jpg,131
StereonychusFraxini/7.jpg,131
StereonychusFraxini/8.jpg,131
StereonychusFraxini/9.jpg,131
StilprotiaSalicis/1.jpg,132
StilprotiaSalicis/10.jpg,132
StilprotiaSalicis/11.jpg,132
StilprotiaSalicis/12.jpg,132
StilprotiaSalicis/13.jpg,132
StilprotiaSalicis/14.jpg,132
StilprotiaSalicis/15.jpg,132
StilprotiaSalicis/2.jpg,132
StilprotiaSalicis/3.jpg,132
StilprotiaSalicis/4.jpg,132
StilprotiaSalicis/5.jpg,132
StilprotiaSalicis/6.jpg,132
StilprotiaSalicis/7.jpg,132
StilprotiaSalicis/8.jpg,132
StilprotiaSalicis/9.jpg,132
TheretraJaponica/1.jpg,133
TheretraJaponica/10.jpg,133
TheretraJaponica/2.jpg,133
TheretraJaponica/3.jpg,133
TheretraJaponica/4.jpg,133
TheretraJaponica/5.jpg,133
TheretraJaponica/6.jpg,133
TheretraJaponica/7.jpg,133
TheretraJaponica/8.jpg,133
TheretraJaponica/9.jpg,133
ThoseaSinensisWalker/1.jpg,134
ThoseaSinensisWalker/10.jpg,134
ThoseaSinensisWalker/11.jpg,134
ThoseaSinensisWalker/12.jpg,134
ThoseaSinensisWalker/13.jpg,134
ThoseaSinensisWalker/14.jpg,134
ThoseaSinensisWalker/15.jpg,134
ThoseaSinensisWalker/16.jpg,134
ThoseaSinensisWalker/17.jpg,134
ThoseaSinensisWalker/18.jpg,134
ThoseaSinensisWalker/19.jpg,134
ThoseaSinensisWalker/2.jpg,134
ThoseaSinensisWalker/20.jpg,134
ThoseaSinensisWalker/21.jpg,134
ThoseaSinensisWalker/22.jpg,134
ThoseaSinensisWalker/23.jpg,134
ThoseaSinensisWalker/24.jpg,134
ThoseaSinensisWalker/25.jpg,134
ThoseaSinensisWalker/26.jpg,134
ThoseaSinensisWalker/27.jpg,134
ThoseaSinensisWalker/28.jpg,134
ThoseaSinensisWalker/29.jpg,134
ThoseaSinensisWalker/3.jpg,134
ThoseaSinensisWalker/4.jpg,134
ThoseaSinensisWalker/5.jpg,134
ThoseaSinensisWalker/6.jpg,134
ThoseaSinensisWalker/7.jpg,134
ThoseaSinensisWalker/8.jpg,134
ThoseaSinensisWalker/9.jpg,134
UropyiaMeticulodina/1.jpg,135
UropyiaMeticulodina/10.jpg,135
UropyiaMeticulodina/11.jpg,135
UropyiaMeticulodina/2.jpg,135
UropyiaMeticulodina/3.jpg,135
UropyiaMeticulodina/4.jpg,135
UropyiaMeticulodina/5.jpg,135
UropyiaMeticulodina/6.jpg,135
UropyiaMeticulodina/7.jpg,135
UropyiaMeticulodina/8.jpg,135
UropyiaMeticulodina/9.jpg,135
VanessaIndicaHerbst/1.jpg,136
VanessaIndicaHerbst/10.jpg,136
VanessaIndicaHerbst/11.jpg,136
VanessaIndicaHerbst/12.jpg,136
VanessaIndicaHerbst/13.jpg,136
VanessaIndicaHerbst/14.jpg,136
VanessaIndicaHerbst/15.jpg,136
VanessaIndicaHerbst/16.jpg,136
VanessaIndicaHerbst/17.jpg,136
VanessaIndicaHerbst/18.jpg,136
VanessaIndicaHerbst/19.jpg,136
VanessaIndicaHerbst/2.jpg,136
VanessaIndicaHerbst/20.jpg,136
VanessaIndicaHerbst/21.jpg,136
VanessaIndicaHerbst/22.jpg,136
VanessaIndicaHerbst/23.jpg,136
VanessaIndicaHerbst/24.jpg,136
VanessaIndicaHerbst/25.jpg,136
VanessaIndicaHerbst/26.jpg,136
VanessaIndicaHerbst/27.jpg,136
VanessaIndicaHerbst/28.jpg,136
VanessaIndicaHerbst/29.jpg,136
VanessaIndicaHerbst/3.jpg,136
VanessaIndicaHerbst/30.jpg,136
VanessaIndicaHerbst/31.jpg,136
VanessaIndicaHerbst/4.jpg,136
VanessaIndicaHerbst/5.jpg,136
VanessaIndicaHerbst/6.jpg,136
VanessaIndicaHerbst/7.jpg,136
VanessaIndicaHerbst/8.jpg,136
VanessaIndicaHerbst/9.jpg,136
VanessaVirginiensis/1.jpg,137
VanessaVirginiensis/10.jpg,137
VanessaVirginiensis/11.jpg,137
VanessaVirginiensis/12.jpg,137
VanessaVirginiensis/13.jpg,137
VanessaVirginiensis/14.jpg,137
VanessaVirginiensis/15.jpg,137
VanessaVirginiensis/16.jpg,137
VanessaVirginiensis/17.jpg,137
VanessaVirginiensis/18.jpg,137
VanessaVirginiensis/19.jpg,137
VanessaVirginiensis/2.jpg,137
VanessaVirginiensis/20.jpg,137
VanessaVirginiensis/21.jpg,137
VanessaVirginiensis/22.jpg,137
VanessaVirginiensis/23.jpg,137
VanessaVirginiensis/24.jpg,137
VanessaVirginiensis/3.jpg,137
VanessaVirginiensis/4.jpg,137
VanessaVirginiensis/5.jpg,137
VanessaVirginiensis/6.jpg,137
VanessaVirginiensis/7.jpg,137
VanessaVirginiensis/8.jpg,137
VanessaVirginiensis/9.jpg,137
XylechinosomusValdivianus/1.jpg,138
XylechinosomusValdivianus/10.jpg,138
XylechinosomusValdivianus/11.jpg,138
XylechinosomusValdivianus/12.jpg,138
XylechinosomusValdivianus/13.jpg,138
XylechinosomusValdivianus/14.jpg,138
XylechinosomusValdivianus/15.jpg,138
XylechinosomusValdivianus/16.jpg,138
XylechinosomusValdivianus/17.jpg,138
XylechinosomusValdivianus/18.jpg,138
XylechinosomusValdivianus/19.jpg,138
XylechinosomusValdivianus/2.jpg,138
XylechinosomusValdivianus/20.jpg,138
XylechinosomusValdivianus/21.jpg,138
XylechinosomusValdivianus/22.jpg,138
XylechinosomusValdivianus/23.jpg,138
XylechinosomusValdivianus/24.jpg,138
XylechinosomusValdivianus/25.jpg,138
XylechinosomusValdivianus/26.jpg,138
XylechinosomusValdivianus/27.jpg,138
XylechinosomusValdivianus/28.jpg,138
XylechinosomusValdivianus/29.jpg,138
XylechinosomusValdivianus/3.jpg,138
XylechinosomusValdivianus/30.jpg,138
XylechinosomusValdivianus/31.jpg,138
XylechinosomusValdivianus/4.jpg,138
XylechinosomusValdivianus/5.jpg,138
XylechinosomusValdivianus/6.jpg,138
XylechinosomusValdivianus/7.jpg,138
XylechinosomusValdivianus/8.jpg,138
XylechinosomusValdivianus/9.jpg,138
YponomeutaEvonymella/1.jpg,139
YponomeutaEvonymella/10.jpg,139
YponomeutaEvonymella/11.jpg,139
YponomeutaEvonymella/12.jpg,139
YponomeutaEvonymella/13.jpg,139
YponomeutaEvonymella/14.jpg,139
YponomeutaEvonymella/15.jpg,139
YponomeutaEvonymella/16.jpg,139
YponomeutaEvonymella/2.jpg,139
YponomeutaEvonymella/3.jpg,139
YponomeutaEvonymella/4.jpg,139
YponomeutaEvonymella/5.jpg,139
YponomeutaEvonymella/6.jpg,139
YponomeutaEvonymella/7.jpg,139
YponomeutaEvonymella/8.jpg,139
YponomeutaEvonymella/9.jpg,139
